frame,t,status,x1,y1,x2,y2,cx,cy,w,h,conf,src,ego_dx,ego_dy,vx,vy,err_x_deg,err_y_deg,yaw_rate_dps,pitch_rate_dps,fwd_cmd,ambiguous,n_cands,range_m_est,range_rate_mps_est,subj_speed_mps_est,subj_heading_deg_est,dv_along_mps,dv_cross_mps,bearing_deg_assumed_hdg,depression_deg,shot_angle_deg
0,0.000,SEARCH,,,,,,,,,0.000,,0.00,0.00,0.0,0.0,,,,,,0,12,,,,,,,,,
1,0.033,SEARCH,,,,,,,,,0.000,,0.33,1.58,0.0,0.0,,,,,,0,12,,,,,,,,,
2,0.067,SEARCH,,,,,,,,,0.000,,-0.49,0.60,0.0,0.0,,,,,,0,12,,,,,,,,,
3,0.100,TRACKING,287.3,766.1,311.7,779.4,299.5,772.7,24.4,13.4,0.668,,0.43,1.49,48.6,32.1,-5.545,12.008,-9.761,-24.861,0.000,0,12,,,,,,,354.45,,
4,0.133,TRACKING,287.5,766.3,312.4,779.9,299.9,773.1,24.9,13.6,0.696,both,-0.31,1.29,22.2,20.5,-5.504,12.039,-10.402,-24.619,-0.119,0,12,,,,,,,354.50,,
5,0.167,TRACKING,289.0,766.3,314.3,780.1,301.7,773.2,25.2,13.8,0.779,both,0.33,1.16,44.9,11.9,-5.345,12.045,-9.464,-24.403,-0.183,0,12,,,,,,,354.65,,
6,0.200,TRACKING,290.5,767.2,315.3,780.4,302.9,773.8,24.8,13.2,0.749,both,-0.23,1.33,30.8,17.5,-5.234,12.104,-9.624,-24.669,0.118,0,12,,,,,,,354.77,,
7,0.234,TRACKING,291.3,768.1,316.4,781.6,303.9,774.9,25.2,13.5,0.713,both,-0.73,1.61,20.5,27.2,-5.145,12.196,-9.727,-25.107,-0.043,0,12,,,,,,,354.86,,
8,0.267,TRACKING,293.0,768.6,318.4,782.3,305.7,775.4,25.4,13.7,0.642,both,-0.42,1.52,38.5,21.7,-4.974,12.244,-8.893,-25.058,-0.136,0,12,,,,,,,355.03,,
9,0.300,TRACKING,294.0,768.8,319.6,782.7,306.8,775.7,25.6,13.9,0.643,both,-0.54,1.62,36.0,19.5,-4.874,12.269,-8.761,-25.051,-0.184,0,12,,,,,,,355.13,,
10,0.334,TRACKING,295.6,769.9,321.4,783.9,308.5,776.9,25.7,14.0,0.680,both,-0.63,1.60,39.9,22.6,-4.723,12.370,-8.353,-25.333,-0.206,0,12,,,,,,,355.28,,
11,0.367,TRACKING,296.9,770.5,322.8,784.6,309.8,777.6,25.8,14.1,0.706,both,-0.00,1.61,55.5,21.7,-4.599,12.430,-7.675,-25.429,-0.211,0,12,,,,,,,355.40,,
12,0.400,TRACKING,298.3,770.9,324.2,785.1,311.2,778.0,25.9,14.1,0.762,both,-0.67,1.76,38.5,22.2,-4.473,12.469,-7.890,-25.522,-0.207,0,12,,,,,,,355.53,,
13,0.434,TRACKING,299.2,772.1,325.2,786.2,312.2,779.1,25.9,14.1,0.752,both,-0.46,1.60,42.2,20.9,-4.385,12.568,-7.614,-25.684,-0.198,0,12,,,,,,,355.62,,
14,0.467,TRACKING,300.7,773.2,326.6,787.4,313.7,780.3,26.0,14.2,0.777,both,-0.54,2.39,41.9,41.7,-4.251,12.669,-7.351,-26.430,-0.186,0,12,,,,,,,355.75,,
15,0.501,TRACKING,301.6,774.9,327.6,789.0,314.6,782.0,26.0,14.2,0.714,both,-0.44,2.49,42.2,45.5,-4.163,12.815,-7.168,-26.818,-0.175,0,12,,,,,,,355.84,,
16,0.534,TRACKING,302.3,775.4,329.0,789.6,315.6,782.5,26.7,14.2,0.659,both,-0.43,1.66,40.7,18.9,-4.069,12.860,-7.019,-26.215,-0.163,0,12,,,,,,,355.93,,
17,0.567,TRACKING,304.3,775.9,330.1,790.8,317.2,783.4,25.8,14.9,0.569,both,-0.43,1.92,42.3,26.3,-3.931,12.939,-6.698,-26.566,-0.467,0,12,,,,,,,356.07,,
18,0.601,TRACKING,304.7,777.1,331.3,791.8,318.0,784.4,26.6,14.7,0.536,both,-0.72,2.01,32.2,29.0,-3.857,13.031,-6.830,-26.820,-0.317,0,12,,,,,,,356.14,,
19,0.634,TRACKING,306.7,777.7,333.1,792.2,319.9,784.9,26.4,14.6,0.533,both,-0.43,1.77,45.0,20.1,-3.679,13.076,-6.124,-26.676,-0.220,0,12,,,,,,,356.32,,
20,0.667,TRACKING,307.7,778.0,334.0,793.2,320.9,785.6,26.3,15.2,0.554,both,-0.99,1.64,29.1,16.1,-3.590,13.131,-6.379,-26.684,-0.468,0,12,,,,,,,356.41,,
21,0.701,TRACKING,308.0,778.8,335.7,793.7,321.9,786.2,27.7,14.9,0.544,both,-0.55,1.43,40.6,11.0,-3.500,13.188,-5.883,-26.663,-0.292,0,12,,,,,,,356.50,,
22,0.734,TRACKING,309.2,779.3,336.4,793.9,322.8,786.6,27.2,14.7,0.586,both,-1.24,1.27,21.9,6.6,-3.415,13.220,-6.227,-26.614,-0.180,0,12,,,,,,,356.58,,
23,0.767,TRACKING,310.1,780.0,336.9,795.2,323.5,787.6,26.8,15.3,0.555,both,-1.13,1.78,25.1,23.1,-3.348,13.307,-6.006,-27.216,-0.421,0,12,,,,,,,356.65,,
24,0.801,TRACKING,311.0,780.6,338.3,796.3,324.7,788.4,27.3,15.7,0.622,both,-0.76,1.96,36.5,27.7,-3.243,13.379,-5.485,-27.478,-0.548,0,12,,,,,,,356.76,,
25,0.834,TRACKING,311.5,781.4,339.1,796.6,325.3,789.0,27.6,15.2,0.546,both,-0.97,1.44,29.0,12.5,-3.183,13.426,-5.569,-27.178,-0.307,0,12,,,,,,,356.82,,
26,0.868,TRACKING,312.4,782.1,339.6,797.0,326.0,789.6,27.2,14.9,0.572,both,-1.08,1.75,25.5,21.0,-3.118,13.480,-5.536,-27.505,-0.158,0,12,,,,,,,356.88,,
27,0.901,TRACKING,313.5,782.4,341.1,797.9,327.3,790.1,27.5,15.4,0.540,both,-0.52,1.45,41.9,12.6,-3.004,13.527,-4.857,-27.384,-0.375,0,12,,,,,,,357.00,,
28,0.934,TRACKING,313.7,783.3,341.5,798.4,327.6,790.9,27.8,15.1,0.607,both,-1.26,1.42,18.3,12.9,-2.972,13.589,-5.441,-27.515,-0.192,0,12,,,,,,,357.03,,
29,0.968,TRACKING,315.0,784.4,343.0,799.2,329.0,791.8,28.0,14.8,0.605,both,-0.58,1.95,39.4,28.8,-2.846,13.670,-4.607,-28.087,-0.082,0,12,,,,,,,357.15,,
30,1.001,TRACKING,315.3,785.3,343.4,800.7,329.3,793.0,28.1,15.3,0.638,both,-1.50,2.23,11.6,36.7,-2.814,13.774,-5.309,-28.499,-0.327,0,12,333.50,-18.06,35.78,119.31,-35.78,-0.00,357.19,13.77,57.88
31,1.034,TRACKING,316.0,786.1,344.2,801.1,330.1,793.6,28.2,15.0,0.570,both,-0.80,1.49,31.4,15.3,-2.745,13.831,-4.625,-28.058,-0.162,0,12,331.90,-17.94,35.74,119.34,-35.74,-0.00,357.26,13.83,57.92
32,1.068,TRACKING,317.2,786.9,345.4,801.7,331.3,794.3,28.3,14.8,0.576,both,-0.77,1.73,32.7,22.2,-2.636,13.888,-4.373,-28.352,-0.064,0,12,330.42,-18.10,35.70,119.37,-35.70,0.00,357.36,13.89,57.99
33,1.101,TRACKING,318.7,787.2,346.3,802.5,332.5,794.9,27.6,15.3,0.524,both,-0.73,1.42,34.6,13.3,-2.523,13.938,-4.094,-28.221,-0.317,0,12,330.09,-17.57,35.67,119.36,-35.67,-0.00,357.48,13.94,58.12
34,1.134,TRACKING,319.0,787.4,346.8,803.1,332.9,795.2,27.9,15.7,0.559,both,-1.02,1.32,23.9,10.4,-2.488,13.969,-4.319,-28.207,-0.458,0,11,329.47,-17.13,35.57,119.36,-35.57,-0.00,357.51,13.97,58.15
35,1.168,TRACKING,318.9,788.5,347.6,803.7,333.3,796.1,28.7,15.3,0.545,both,-1.28,1.69,15.1,22.2,-2.456,14.042,-4.497,-28.658,-0.232,0,12,327.74,-17.07,35.44,119.39,-35.44,0.00,357.54,14.04,58.16
36,1.201,TRACKING,319.8,789.4,348.5,805.0,334.2,797.2,28.6,15.7,0.571,both,-0.79,1.91,29.3,29.5,-2.372,14.139,-3.940,-29.041,-0.397,0,12,326.34,-17.15,35.30,119.43,-35.30,0.00,357.63,14.14,58.19
37,1.235,TRACKING,320.3,789.7,348.9,805.7,334.6,797.7,28.6,15.9,0.575,both,-1.11,1.45,18.6,15.6,-2.334,14.182,-4.157,-28.768,-0.485,0,12,325.18,-16.98,35.14,119.50,-35.14,-0.00,357.67,14.18,58.17
38,1.268,TRACKING,320.8,790.0,349.3,806.1,335.1,798.0,28.5,16.1,0.597,both,-0.82,1.43,25.1,14.4,-2.289,14.212,-3.886,-28.797,-0.526,0,9,324.20,-17.04,34.92,119.62,-34.92,0.00,357.71,14.21,58.09
39,1.301,TRACKING,321.1,790.5,350.3,806.8,335.7,798.6,29.2,16.3,0.641,both,-0.87,1.87,22.4,25.9,-2.235,14.261,-3.854,-29.191,-0.539,0,10,322.85,-17.43,34.69,119.79,-34.69,-0.00,357.77,14.26,57.97
40,1.335,TRACKING,321.3,791.5,351.0,807.9,336.2,799.7,29.7,16.4,0.643,both,-0.72,2.03,24.7,31.0,-2.188,14.357,-3.696,-29.514,-0.535,0,5,320.86,-18.27,34.44,120.08,-34.44,0.00,357.81,14.36,57.73
41,1.368,TRACKING,321.9,792.1,351.2,808.6,336.6,800.3,29.3,16.4,0.677,both,-1.01,1.73,14.9,21.3,-2.150,14.409,-3.889,-29.369,-0.522,0,12,319.32,-18.82,34.18,120.43,-34.18,0.00,357.85,14.41,57.42
42,1.401,TRACKING,323.1,791.3,352.1,807.7,337.6,799.5,29.0,16.5,0.688,both,0.00,0.00,42.3,-29.6,-2.057,14.338,-2.949,-27.909,-0.506,0,12,318.64,-18.66,33.87,120.82,-33.87,0.00,357.94,14.34,57.12
43,1.435,TRACKING,324.5,790.7,352.7,807.2,338.6,798.9,28.1,16.5,0.729,both,0.00,0.00,39.6,-27.7,-1.967,14.289,-2.843,-27.860,-0.487,0,12,318.98,-18.75,33.51,121.28,-33.51,0.00,358.03,14.29,56.76
44,1.468,TRACKING,324.0,791.0,352.2,807.5,338.1,799.2,28.2,16.5,0.744,both,-1.10,0.95,2.6,2.2,-2.010,14.315,-3.948,-28.686,-0.470,0,10,319.20,-18.80,33.08,121.82,-33.08,-0.00,357.99,14.32,56.18
45,1.502,TRACKING,323.5,791.6,352.5,808.2,338.0,799.9,29.0,16.6,0.751,both,-1.09,1.48,1.0,18.6,-2.019,14.371,-4.012,-29.221,-0.453,0,12,318.51,-18.38,32.62,122.36,-32.62,-0.00,357.98,14.37,55.62
46,1.535,TRACKING,323.9,791.0,353.5,807.6,338.7,799.3,29.5,16.6,0.763,both,0.00,0.00,30.7,-24.5,-1.957,14.319,-3.070,-28.004,-0.438,0,12,317.30,-18.13,32.11,122.95,-32.11,0.00,358.04,14.32,55.09
47,1.568,TRACKING,323.4,791.5,353.3,808.1,338.3,799.8,29.9,16.6,0.736,both,-1.07,1.28,-4.1,14.4,-1.991,14.365,-4.096,-29.102,-0.425,0,12,315.80,-18.39,31.57,123.63,-31.57,0.00,358.01,14.37,54.38
48,1.602,TRACKING,323.7,791.0,353.9,807.6,338.8,799.3,30.2,16.6,0.714,both,0.00,0.00,24.6,-22.3,-1.950,14.319,-3.222,-28.060,-0.414,0,12,314.17,-18.58,30.99,124.41,-30.99,0.00,358.05,14.32,53.65
49,1.635,TRACKING,322.9,791.4,353.3,808.0,338.1,799.7,30.4,16.6,0.664,both,-1.27,1.10,-15.9,11.4,-2.013,14.358,-4.462,-29.010,-0.405,0,12,312.53,-18.81,30.40,125.26,-30.40,-0.00,357.99,14.36,52.73
50,1.668,TRACKING,322.1,791.6,353.3,808.2,337.7,799.9,31.2,16.6,0.444,blob,-1.43,0.83,-20.4,3.9,-2.047,14.371,-4.654,-28.843,-0.397,0,12,310.20,-18.75,29.84,126.09,-29.84,-0.00,357.95,14.37,51.86
51,1.702,TRACKING,322.5,792.1,353.6,809.4,338.1,800.7,31.1,17.3,0.218,blob,-1.04,1.35,-6.9,20.7,-2.014,14.443,-4.220,-29.419,-0.671,0,12,308.25,-18.53,29.35,126.84,-29.35,0.00,357.99,14.45,51.14
52,1.735,TRACKING,322.2,792.9,353.2,810.0,337.7,801.4,31.0,17.1,0.000,blob,-1.91,1.01,-30.4,12.7,-2.045,14.504,-4.925,-29.334,-0.542,0,12,306.18,-18.18,28.94,127.46,-28.94,-0.00,357.96,14.51,50.49
53,1.768,TRACKING,322.7,793.3,353.6,810.2,338.2,801.8,30.9,16.9,0.151,both,-1.10,0.68,-3.8,4.5,-2.006,14.532,-4.117,-29.180,-0.458,0,12,304.98,-17.50,28.56,127.94,-28.56,-0.00,357.99,14.53,50.05
54,1.802,TRACKING,323.9,793.1,354.8,810.0,339.3,801.5,30.9,16.8,0.303,both,0.00,0.00,29.5,-13.9,-1.899,14.513,-2.988,-28.667,-0.406,0,12,303.57,-16.84,28.20,128.35,-28.20,-0.00,358.10,14.52,49.75
55,1.835,TRACKING,324.7,793.8,354.8,810.5,339.8,802.2,30.1,16.8,0.452,both,-1.02,0.99,0.8,16.8,-1.858,14.566,-3.696,-29.567,-0.373,0,12,303.26,-16.24,27.87,128.64,-27.87,0.00,358.14,14.57,49.51
56,1.869,TRACKING,326.1,793.6,355.7,810.3,340.9,801.9,29.6,16.7,0.467,both,0.00,0.00,31.4,-11.3,-1.757,14.545,-2.649,-28.799,-0.354,0,12,303.76,-15.33,27.53,128.83,-27.53,-0.00,358.24,14.55,49.41
57,1.902,TRACKING,325.4,793.5,355.4,810.8,340.4,802.1,30.0,17.4,0.537,both,-1.29,0.94,-8.6,16.0,-1.798,14.565,-3.834,-29.542,-0.624,0,12,303.21,-14.97,27.17,129.04,-27.17,-0.00,358.20,14.57,49.16
58,1.935,TRACKING,325.9,794.1,355.4,811.3,340.7,802.7,29.5,17.1,0.600,both,-0.91,1.10,3.3,20.7,-1.776,14.614,-3.463,-29.762,-0.496,0,5,303.58,-14.53,26.82,129.18,-26.82,0.00,358.22,14.62,49.04
59,1.969,TRACKING,325.7,793.8,355.6,811.5,340.7,802.6,29.9,17.7,0.655,both,-1.54,0.85,-13.2,11.5,-1.773,14.608,-3.909,-29.513,-0.692,0,7,303.84,-13.98,26.52,129.19,-26.52,-0.00,358.23,14.61,49.03
60,2.002,TRACKING,326.1,793.3,356.3,811.3,341.2,802.3,30.2,18.1,0.656,both,-0.97,0.50,5.5,-0.4,-1.727,14.577,-3.301,-29.145,-0.796,0,12,303.68,-12.93,26.24,129.05,-26.24,-0.00,358.27,14.58,49.22
61,2.035,TRACKING,325.8,793.2,356.1,811.5,340.9,802.4,30.4,18.3,0.664,both,-1.90,1.01,-20.0,13.0,-1.752,14.583,-4.054,-29.502,-0.842,0,5,303.24,-12.28,25.99,128.77,-25.99,0.00,358.25,14.59,49.48
62,2.069,TRACKING,326.3,792.4,357.5,810.9,341.9,801.6,31.2,18.5,0.618,both,0.00,0.00,35.9,-17.9,-1.665,14.520,-2.341,-28.578,-0.854,0,12,302.34,-11.70,25.72,128.50,-25.72,0.00,358.34,14.53,49.84
63,2.102,TRACKING,326.7,791.8,358.4,809.7,342.5,800.8,31.8,17.9,0.584,both,0.00,0.00,33.5,-19.1,-1.603,14.446,-2.284,-28.396,-0.581,0,9,300.80,-11.01,25.38,128.26,-25.38,-0.00,358.40,14.45,50.13
64,2.135,TRACKING,327.5,791.3,359.0,808.9,343.3,800.1,31.5,17.5,0.566,both,0.00,0.00,31.6,-19.4,-1.536,14.388,-2.201,-28.275,-0.412,0,5,299.60,-10.67,25.01,128.08,-25.01,0.00,358.46,14.39,50.38
65,2.169,TRACKING,328.1,791.0,358.7,808.2,343.4,799.6,30.6,17.3,0.539,both,0.00,0.00,27.2,-18.7,-1.524,14.346,-2.299,-28.207,-0.313,0,2,299.41,-9.89,24.55,128.00,-24.55,-0.00,358.48,14.35,50.48
66,2.202,TRACKING,327.8,790.0,359.1,807.8,343.5,798.9,31.3,17.8,0.517,both,0.00,0.00,22.7,-18.9,-1.519,14.288,-2.413,-28.087,-0.535,0,6,298.46,-9.37,24.00,128.04,-24.00,-0.00,358.48,14.29,50.44
67,2.236,TRACKING,327.4,789.4,359.3,807.5,343.4,798.4,31.9,18.1,0.480,both,0.00,0.00,18.1,-18.3,-1.527,14.245,-2.557,-28.017,-0.662,0,10,297.06,-9.39,23.38,128.27,-23.38,0.00,358.47,14.25,50.21
68,2.269,TRACKING,325.8,789.5,358.1,807.1,342.0,798.3,32.3,17.7,0.518,both,-1.67,0.70,-34.6,1.6,-1.657,14.233,-4.265,-28.508,-0.462,0,4,295.42,-9.73,22.75,128.63,-22.75,-0.00,358.34,14.24,49.71
69,2.302,TRACKING,326.5,789.0,358.3,806.3,342.4,797.6,31.8,17.3,0.555,both,0.00,0.00,14.1,-19.4,-1.617,14.177,-2.845,-27.849,-0.341,0,9,294.79,-9.47,22.13,129.03,-22.13,0.00,358.38,14.18,49.36
70,2.336,TRACKING,326.9,788.6,358.4,805.7,342.7,797.2,31.5,17.1,0.541,both,0.00,0.00,12.2,-18.7,-1.591,14.136,-2.844,-27.787,-0.274,0,9,294.51,-8.83,21.47,129.44,-21.47,0.00,358.41,14.14,48.97
71,2.369,TRACKING,327.2,787.7,358.5,805.3,342.8,796.5,31.3,17.7,0.531,both,0.00,0.00,10.0,-18.8,-1.576,14.080,-2.875,-27.671,-0.518,0,12,294.11,-8.59,20.81,129.93,-20.81,-0.00,358.42,14.09,48.49
72,2.402,TRACKING,326.7,787.0,358.5,805.1,342.6,796.0,31.9,18.1,0.494,both,0.00,0.00,6.2,-18.1,-1.598,14.038,-3.023,-27.605,-0.658,0,11,293.31,-8.55,20.10,130.60,-20.10,-0.00,358.40,14.04,47.81
73,2.436,TRACKING,326.2,786.6,358.5,804.2,342.3,795.4,32.2,17.6,0.530,both,0.00,0.00,2.7,-18.3,-1.623,13.982,-3.170,-27.489,-0.464,0,12,292.32,-8.35,19.36,131.42,-19.36,-0.00,358.38,13.99,46.95
74,2.469,TRACKING,326.5,786.3,358.3,803.6,342.4,794.9,31.8,17.3,0.507,both,0.00,0.00,1.1,-17.7,-1.621,13.941,-3.212,-27.423,-0.347,0,12,291.94,-8.25,18.63,132.34,-18.63,0.00,358.38,13.95,46.04
75,2.502,TRACKING,325.9,785.4,358.1,803.2,342.0,794.3,32.2,17.8,0.507,both,0.00,0.00,-2.0,-17.9,-1.652,13.884,-3.359,-27.304,-0.557,0,10,290.93,-8.26,17.89,133.45,-17.89,0.00,358.35,13.89,44.90
76,2.536,TRACKING,325.4,784.7,357.9,802.8,341.7,793.8,32.5,18.2,0.496,both,0.00,0.00,-4.6,-17.3,-1.681,13.842,-3.491,-27.234,-0.676,0,7,289.52,-8.69,17.17,134.79,-17.17,0.00,358.32,13.85,43.53
77,2.569,TRACKING,325.0,784.3,357.7,802.0,341.4,793.1,32.7,17.7,0.542,both,0.00,0.00,-6.8,-17.6,-1.709,13.785,-3.606,-27.112,-0.470,0,11,288.25,-9.25,16.48,136.37,-16.48,-0.00,358.29,13.79,41.92
78,2.603,TRACKING,323.8,784.5,356.6,801.9,340.2,793.2,32.8,17.4,0.602,both,-1.26,0.76,-44.7,4.8,-1.820,13.791,-4.870,-27.707,-0.346,0,12,287.15,-9.78,15.86,138.06,-15.86,-0.00,358.18,13.80,40.12
79,2.636,TRACKING,323.8,783.4,356.7,801.3,340.2,792.3,32.9,17.8,0.602,both,0.00,0.00,-7.0,-19.1,-1.816,13.719,-3.824,-26.940,-0.552,0,11,286.62,-10.05,15.29,139.82,-15.29,-0.00,358.18,13.72,38.36
80,2.669,TRACKING,323.8,782.6,356.8,800.8,340.3,791.7,33.0,18.2,0.576,both,0.00,0.00,-7.0,-19.2,-1.813,13.663,-3.818,-26.827,-0.669,0,10,286.18,-10.57,14.80,141.67,-14.80,-0.00,358.19,13.67,36.52
81,2.703,TRACKING,323.8,782.1,356.8,799.8,340.3,790.9,33.0,17.7,0.563,both,0.00,0.00,-6.9,-19.9,-1.811,13.595,-3.811,-26.671,-0.463,0,9,285.47,-10.94,14.36,143.57,-14.36,-0.00,358.19,13.60,34.62
82,2.736,TRACKING,323.8,781.0,356.9,799.0,340.3,790.0,33.1,18.1,0.563,both,0.00,0.00,-6.7,-21.2,-1.808,13.516,-3.801,-26.480,-0.611,0,8,284.61,-11.18,13.98,145.48,-13.98,-0.00,358.19,13.52,32.71
83,2.769,TRACKING,323.8,780.1,356.9,798.5,340.3,789.3,33.1,18.3,0.563,both,0.00,0.00,-6.4,-21.3,-1.806,13.455,-3.790,-26.355,-0.694,0,8,283.68,-11.88,13.67,147.45,-13.67,-0.00,358.19,13.46,30.74
84,2.803,TRACKING,323.8,779.6,356.2,797.4,340.0,788.5,32.4,17.8,0.554,both,0.00,0.00,-7.6,-22.1,-1.833,13.383,-3.876,-26.189,-0.468,0,10,283.38,-12.81,13.42,149.59,-13.42,0.00,358.17,13.39,28.57
85,2.836,TRACKING,323.8,778.4,355.8,796.6,339.8,787.5,31.9,18.2,0.378,blob,0.00,0.00,-8.3,-23.3,-1.856,13.300,-3.941,-25.993,-0.604,0,8,283.53,-13.82,13.24,151.86,-13.24,-0.00,358.14,13.30,26.28
86,2.870,TRACKING,323.8,777.6,356.1,796.0,339.9,786.8,32.3,18.4,0.368,both,0.00,0.00,-7.3,-23.3,-1.845,13.237,-3.890,-25.867,-0.681,0,12,282.97,-14.89,13.15,154.06,-13.15,0.00,358.16,13.24,24.09
87,2.903,TRACKING,323.1,776.4,355.7,794.9,339.4,785.6,32.6,18.6,0.388,both,0.00,0.00,-9.1,-25.3,-1.892,13.136,-4.036,-25.612,-0.720,0,11,282.27,-15.83,13.11,156.43,-13.11,0.00,358.11,13.14,21.68
88,2.936,TRACKING,323.2,775.4,356.0,794.1,339.6,784.7,32.7,18.7,0.388,blob,0.00,0.00,-7.5,-25.9,-1.873,13.058,-3.951,-25.438,-0.736,0,9,281.51,-16.43,13.14,158.55,-13.14,-0.00,358.13,13.06,19.58
89,2.970,TRACKING,323.4,774.7,356.2,792.8,339.8,783.7,32.9,18.1,0.410,both,0.00,0.00,-5.9,-26.9,-1.855,12.971,-3.872,-25.239,-0.473,0,11,280.74,-16.86,13.22,160.42,-13.22,-0.00,358.14,12.98,17.72
90,3.003,TRACKING,323.6,773.5,355.8,791.8,339.7,782.7,32.2,18.3,0.188,blob,0.00,0.00,-5.9,-28.1,-1.867,12.878,-3.898,-25.019,-0.585,0,12,280.64,-16.96,13.32,162.18,-13.32,-0.00,358.13,12.88,15.96
91,3.036,TRACKING,323.0,772.6,356.2,791.1,339.6,781.9,33.2,18.5,0.389,both,0.00,0.00,-5.8,-27.9,-1.876,12.806,-3.913,-24.880,-0.650,0,7,280.06,-17.22,13.43,163.82,-13.43,-0.00,358.12,12.81,14.31
92,3.070,TRACKING,322.6,771.3,355.8,790.0,339.2,780.6,33.2,18.7,0.201,blob,0.00,0.00,-7.0,-29.7,-1.912,12.700,-4.016,-24.620,-0.685,0,10,279.91,-17.29,13.55,165.46,-13.55,-0.00,358.09,12.70,12.63
93,3.103,TRACKING,322.2,770.3,356.1,789.1,339.2,779.7,33.9,18.7,0.201,blob,0.00,0.00,-6.2,-29.9,-1.912,12.617,-3.995,-24.448,-0.700,0,8,279.09,-17.68,13.69,166.92,-13.69,0.00,358.09,12.62,11.17
94,3.136,TRACKING,322.7,769.0,356.4,787.8,339.5,778.4,33.7,18.8,0.207,both,0.00,0.00,-3.9,-31.9,-1.880,12.501,-3.867,-24.163,-0.705,0,9,278.87,-17.89,13.86,168.06,-13.86,-0.00,358.12,12.50,10.06
95,3.170,TRACKING,323.1,767.9,356.6,786.8,339.8,777.3,33.5,18.9,0.207,blob,0.00,0.00,-1.9,-32.2,-1.851,12.411,-3.756,-23.975,-0.702,0,5,278.75,-17.81,14.03,168.92,-14.03,-0.00,358.15,12.42,9.23
96,3.203,TRACKING,323.4,766.5,356.8,785.4,340.1,775.9,33.4,18.9,0.207,blob,0.00,0.00,-0.3,-34.2,-1.826,12.290,-3.660,-23.679,-0.696,0,10,278.74,-17.17,14.17,169.54,-14.17,0.00,358.17,12.29,8.63
97,3.237,TRACKING,323.0,765.4,357.1,784.3,340.1,774.9,34.0,18.9,0.169,both,0.00,0.00,-0.4,-34.4,-1.832,12.196,-3.676,-23.484,-0.689,0,8,278.20,-16.30,14.25,170.10,-14.25,-0.00,358.17,12.20,8.07
98,3.270,TRACKING,322.8,764.6,357.2,783.5,340.0,774.1,34.5,18.9,0.169,blob,0.00,0.00,-0.5,-33.3,-1.838,12.126,-3.688,-23.374,-0.681,0,12,277.00,-15.93,14.31,170.62,-14.31,0.00,358.16,12.13,7.54
99,3.303,TRACKING,322.6,763.4,357.4,782.4,340.0,772.9,34.8,18.9,0.351,both,0.00,0.00,-0.5,-34.0,-1.842,12.023,-3.697,-23.147,-0.673,0,8,275.38,-15.62,14.36,171.10,-14.36,0.00,358.16,12.03,7.06
100,3.337,TRACKING,322.4,762.5,357.4,781.5,339.9,772.0,35.0,18.9,0.351,both,0.00,0.00,-0.5,-33.3,-1.845,11.945,-3.702,-23.011,-0.666,0,4,273.85,-15.63,14.40,171.55,-14.40,0.00,358.16,11.95,6.61
101,3.370,TRACKING,322.3,761.3,357.5,780.2,339.9,770.8,35.2,19.0,0.351,blob,0.00,0.00,-0.4,-34.3,-1.847,11.834,-3.704,-22.762,-0.660,0,8,272.77,-15.58,14.44,171.96,-14.44,-0.00,358.15,11.84,6.19
102,3.403,TRACKING,322.2,760.3,357.5,779.3,339.9,769.8,35.3,19.0,0.352,both,0.00,0.00,-0.3,-33.8,-1.848,11.751,-3.705,-22.608,-0.654,0,7,271.41,-15.71,14.48,172.35,-14.48,0.00,358.15,11.75,5.81
103,3.437,TRACKING,322.2,759.0,357.5,778.0,339.9,768.5,35.4,19.0,0.383,both,0.00,0.00,-0.2,-35.0,-1.849,11.635,-3.704,-22.345,-0.649,0,5,269.87,-16.27,14.56,172.71,-14.56,-0.00,358.15,11.64,5.44
104,3.470,TRACKING,322.2,758.0,357.6,777.0,339.9,767.5,35.4,19.0,0.383,blob,0.00,0.00,-0.1,-34.5,-1.849,11.548,-3.702,-22.181,-0.645,0,5,268.26,-17.11,14.67,173.06,-14.67,0.00,358.15,11.55,5.09
105,3.504,TRACKING,322.2,756.7,356.9,775.6,339.5,766.2,34.7,19.0,0.200,blob,0.00,0.00,-1.5,-35.7,-1.879,11.428,-3.800,-21.909,-0.642,0,5,267.51,-18.39,14.85,173.52,-14.85,-0.00,358.12,11.43,4.60
106,3.537,TRACKING,322.1,755.7,357.1,774.6,339.6,765.1,35.0,19.0,0.228,both,0.00,0.00,-1.1,-35.3,-1.875,11.338,-3.779,-21.741,-0.639,0,8,266.82,-19.47,15.07,173.93,-15.07,0.00,358.13,11.34,4.19
107,3.570,TRACKING,322.1,754.3,356.5,773.2,339.3,763.8,34.4,19.0,0.228,blob,0.00,0.00,-2.1,-36.5,-1.900,11.217,-3.858,-21.467,-0.637,0,6,266.81,-21.12,15.37,174.42,-15.37,-0.00,358.10,11.22,3.68
108,3.604,TRACKING,322.1,752.6,356.1,772.3,339.1,762.4,34.0,19.7,0.228,blob,0.00,0.00,-2.9,-37.4,-1.920,11.098,-3.921,-21.203,-0.891,0,8,266.96,-22.90,15.74,174.94,-15.74,-0.00,358.08,11.10,3.14
109,3.637,TRACKING,321.4,751.4,355.8,770.8,338.6,761.1,34.5,19.5,0.000,blob,0.00,0.00,-4.8,-38.1,-1.965,10.981,-4.063,-20.948,-0.778,0,10,266.65,-25.22,16.22,175.59,-16.22,-0.00,358.03,10.98,2.44
110,3.670,TRACKING,321.4,749.8,356.2,769.8,338.8,759.8,34.8,20.0,0.000,blob,0.00,0.00,-3.3,-38.7,-1.946,10.865,-3.983,-20.702,-0.958,0,10,266.36,-27.24,16.78,176.06,-16.78,-0.00,358.05,10.87,1.99
111,3.704,TRACKING,321.5,748.6,355.9,768.3,338.7,758.5,34.3,19.7,0.000,blob,0.00,0.00,-3.4,-39.0,-1.957,10.751,-4.008,-20.463,-0.803,0,10,266.40,-29.42,17.43,176.50,-17.43,-0.00,358.04,10.75,1.54
112,3.737,TRACKING,321.0,747.1,355.6,767.3,338.3,757.2,34.7,20.2,0.000,blob,0.00,0.00,-4.9,-39.2,-1.993,10.639,-4.121,-20.232,-0.957,0,12,266.08,-31.73,18.17,177.00,-18.17,0.00,358.01,10.64,1.01
113,3.770,TRACKING,321.2,746.1,355.4,765.9,338.3,756.0,34.2,19.8,0.000,blob,0.00,0.00,-4.4,-39.3,-1.995,10.528,-4.110,-20.007,-0.789,0,12,266.13,-34.39,19.01,177.40,-19.01,-0.00,358.01,10.53,0.61
114,3.804,TRACKING,320.6,744.6,355.9,764.9,338.3,754.7,35.3,20.3,0.000,blob,0.00,0.00,-3.9,-39.3,-1.996,10.418,-4.097,-19.787,-0.935,0,6,265.27,-36.97,19.95,177.71,-19.95,-0.00,358.00,10.42,0.29
115,3.837,TRACKING,320.9,743.6,356.3,763.5,338.6,753.5,35.4,19.9,0.000,blob,0.00,0.00,-1.8,-39.2,-1.965,10.309,-3.981,-19.573,-0.764,0,2,264.41,-39.10,20.95,177.86,-20.95,-0.00,358.03,10.31,0.18
116,3.871,TRACKING,320.6,742.2,356.0,761.8,338.3,752.0,35.4,19.6,0.000,blob,0.00,0.00,-3.0,-40.4,-1.996,10.174,-4.077,-19.268,-0.659,0,7,263.57,-41.31,22.01,178.05,-22.01,-0.00,358.00,10.18,359.95
117,3.904,TRACKING,320.9,740.5,356.3,760.6,338.6,750.5,35.5,20.1,0.000,blob,0.00,0.00,-1.0,-41.3,-1.964,10.044,-3.955,-18.983,-0.850,0,5,262.77,-42.89,23.10,178.11,-23.10,0.00,358.04,10.05,359.93
118,3.937,TRACKING,321.2,739.2,356.0,759.0,338.6,749.1,34.8,19.8,0.000,blob,0.00,0.00,-0.7,-41.8,-1.964,9.918,-3.949,-18.718,-0.709,0,2,262.59,-44.17,24.21,178.14,-24.21,0.00,358.04,9.92,359.90
119,3.971,TRACKING,320.8,737.6,356.5,757.9,338.6,747.8,35.7,20.2,0.000,blob,0.00,0.00,-0.5,-42.0,-1.964,9.796,-3.942,-18.468,-0.875,0,2,261.72,-45.22,25.31,178.15,-25.31,-0.00,358.04,9.80,359.88
120,4.004,TRACKING,321.2,736.5,356.1,756.4,338.6,746.4,34.9,19.9,0.000,blob,0.00,0.00,-0.3,-41.9,-1.964,9.679,-3.934,-18.234,-0.719,0,4,261.85,-46.07,26.39,178.16,-26.39,0.00,358.04,9.68,359.88
121,4.037,TRACKING,320.7,735.0,356.5,755.3,338.6,745.1,35.8,20.3,0.000,blob,0.00,0.00,-0.0,-41.7,-1.963,9.564,-3.926,-18.010,-0.876,0,7,261.59,-46.59,27.45,178.15,-27.45,-0.00,358.04,9.57,359.89
122,4.071,TRACKING,321.1,733.3,356.8,753.9,339.0,743.6,35.7,20.6,0.212,both,0.00,0.00,1.6,-42.7,-1.932,9.424,-3.820,-17.701,-0.963,0,6,261.37,-47.13,28.48,178.07,-28.48,0.00,358.07,9.43,0.00
123,4.104,TRACKING,320.7,732.0,357.1,752.1,338.9,742.1,36.4,20.1,0.212,blob,0.00,0.00,1.5,-43.3,-1.935,9.291,-3.830,-17.418,-0.761,0,9,260.65,-47.30,29.47,178.00,-29.47,0.00,358.07,9.29,0.06
124,4.137,TRACKING,320.5,730.4,357.3,750.9,338.9,740.7,36.8,20.5,0.212,blob,0.00,0.00,1.3,-43.5,-1.937,9.163,-3.839,-17.157,-0.887,0,6,259.64,-47.28,30.40,177.95,-30.40,0.00,358.06,9.17,0.11
125,4.171,TRACKING,321.0,729.3,357.4,749.3,339.2,739.3,36.4,20.0,0.000,blob,0.00,0.00,2.6,-43.4,-1.911,9.041,-3.749,-16.915,-0.710,0,5,259.01,-46.61,31.25,177.86,-31.25,0.00,358.09,9.04,0.23
126,4.204,TRACKING,320.7,727.8,357.6,747.5,339.1,737.7,36.9,19.7,0.000,blob,0.00,0.00,2.1,-44.5,-1.917,8.896,-3.775,-16.594,-0.604,0,5,258.46,-45.51,31.99,177.79,-31.99,-0.00,358.08,8.90,0.30
127,4.238,TRACKING,321.1,726.0,357.6,746.2,339.4,736.1,36.5,20.2,0.000,blob,0.00,0.00,3.2,-45.0,-1.894,8.758,-3.700,-16.302,-0.798,0,5,257.93,-44.34,32.63,177.69,-32.63,-0.00,358.11,8.76,0.42
128,4.271,TRACKING,320.8,724.8,357.7,744.6,339.3,734.7,36.9,19.8,0.000,blob,0.00,0.00,2.4,-45.1,-1.903,8.627,-3.739,-16.036,-0.661,0,6,257.20,-42.80,33.16,177.62,-33.16,0.00,358.10,8.63,0.48
129,4.304,TRACKING,320.6,723.1,357.8,743.4,339.2,733.3,37.2,20.3,0.000,blob,0.00,0.00,1.8,-44.9,-1.912,8.502,-3.774,-15.792,-0.832,0,6,256.08,-41.17,33.57,177.59,-33.57,-0.00,358.09,8.50,0.50
130,4.338,TRACKING,321.1,722.0,357.8,741.9,339.4,732.0,36.7,19.9,0.000,blob,0.00,0.00,2.7,-44.3,-1.891,8.383,-3.708,-15.569,-0.682,0,4,255.54,-39.19,33.85,177.52,-33.85,0.00,358.11,8.39,0.59
131,4.371,TRACKING,320.8,720.5,357.8,740.8,339.3,730.7,37.1,20.3,0.000,blob,0.00,0.00,1.8,-43.6,-1.902,8.268,-3.753,-15.358,-0.844,0,5,254.89,-36.85,34.00,177.48,-34.00,0.00,358.10,8.27,0.62
132,4.404,TRACKING,320.5,718.8,357.8,739.4,339.2,729.1,37.3,20.6,0.225,both,0.00,0.00,1.1,-44.1,-1.912,8.129,-3.794,-15.065,-0.937,0,9,254.23,-34.19,33.99,177.47,-33.99,0.00,358.09,8.13,0.61
133,4.438,TRACKING,321.0,717.6,357.8,737.7,339.4,727.7,36.8,20.1,0.225,blob,0.00,0.00,2.0,-44.2,-1.893,7.997,-3.731,-14.798,-0.739,0,5,253.81,-31.08,33.82,177.43,-33.82,0.00,358.11,8.00,0.68
134,4.471,TRACKING,320.7,716.0,358.5,736.5,339.6,726.3,37.8,20.5,0.400,both,0.00,0.00,2.5,-44.0,-1.877,7.871,-3.685,-14.552,-0.869,0,3,252.55,-27.69,33.47,177.37,-33.47,0.00,358.12,7.87,0.76
135,4.505,TRACKING,321.1,714.9,358.3,735.0,339.7,724.9,37.1,20.0,0.392,both,0.00,0.00,2.9,-43.5,-1.864,7.752,-3.647,-14.326,-0.695,0,5,251.76,-23.88,32.95,177.29,-32.95,0.00,358.14,7.75,0.85
136,4.538,TRACKING,320.8,713.5,358.9,733.9,339.8,723.7,38.1,20.4,0.392,blob,0.00,0.00,3.1,-42.8,-1.853,7.636,-3.620,-14.113,-0.842,0,4,250.30,-20.11,32.25,177.19,-32.25,0.00,358.15,7.64,0.95
137,4.571,TRACKING,321.2,711.8,359.2,732.5,340.2,722.1,38.0,20.7,0.433,both,0.00,0.00,4.6,-43.4,-1.816,7.496,-3.505,-13.817,-0.926,0,5,248.91,-16.18,31.37,177.04,-31.37,0.00,358.18,7.50,1.14
138,4.605,TRACKING,321.6,710.5,358.9,731.4,340.2,721.0,37.3,20.9,0.373,both,0.00,0.00,4.2,-42.0,-1.815,7.393,-3.513,-13.646,-0.971,0,2,248.11,-12.13,30.33,176.89,-30.33,0.00,358.19,7.40,1.29
139,4.638,TRACKING,321.8,709.0,359.3,730.0,340.6,719.5,37.5,21.0,0.588,both,0.00,0.00,5.2,-42.2,-1.785,7.262,-3.427,-13.380,-0.991,0,3,247.20,-8.17,29.14,176.69,-29.14,0.00,358.21,7.26,1.52
140,4.671,TRACKING,322.1,707.9,358.9,728.3,340.5,718.1,36.9,20.4,0.567,both,0.00,0.00,4.4,-42.0,-1.791,7.138,-3.462,-13.135,-0.752,0,4,246.76,-4.08,27.78,176.51,-27.78,-0.00,358.21,7.14,1.70
141,4.705,TRACKING,322.2,706.5,359.3,727.2,340.8,716.8,37.2,20.7,0.633,both,0.00,0.00,5.0,-41.6,-1.768,7.018,-3.398,-12.905,-0.855,0,3,246.40,-0.00,26.29,176.28,-26.29,-0.00,358.23,7.02,1.95
142,4.738,TRACKING,322.9,704.8,359.6,725.7,341.3,715.2,36.7,20.9,0.646,both,0.00,0.00,6.8,-42.5,-1.720,6.874,-3.252,-12.592,-0.915,0,3,246.38,3.28,24.70,175.93,-24.70,-0.00,358.28,6.88,2.35
143,4.771,TRACKING,322.9,703.5,359.9,724.5,341.4,714.0,37.0,21.0,0.611,both,0.00,0.00,6.5,-41.5,-1.709,6.766,-3.239,-12.403,-0.947,0,3,246.37,6.56,23.02,175.55,-23.02,-0.00,358.29,6.77,2.74
144,4.805,TRACKING,323.5,702.0,360.1,723.1,341.8,712.6,36.6,21.1,0.614,both,0.00,0.00,7.6,-41.9,-1.674,6.632,-3.139,-12.125,-0.961,0,4,246.92,9.48,21.28,175.05,-21.28,-0.00,358.33,6.63,3.28
145,4.838,TRACKING,324.0,700.9,360.2,722.1,342.1,711.5,36.3,21.2,0.387,blob,0.00,0.00,8.1,-40.4,-1.645,6.533,-3.067,-11.966,-0.965,0,3,247.61,11.90,19.51,174.43,-19.51,0.00,358.35,6.54,3.93
146,4.872,TRACKING,323.6,699.5,360.4,720.7,342.0,710.1,36.8,21.2,0.411,both,0.00,0.00,6.8,-40.5,-1.651,6.406,-3.114,-11.710,-0.963,0,7,247.88,13.90,17.72,173.79,-17.72,-0.00,358.35,6.41,4.56
147,4.905,TRACKING,324.1,697.8,360.4,719.0,342.3,708.4,36.4,21.3,0.390,both,0.00,0.00,7.0,-41.8,-1.630,6.256,-3.068,-11.371,-0.958,0,4,248.67,15.55,15.95,173.01,-15.95,-0.00,358.37,6.26,5.36
148,4.938,TRACKING,323.7,696.5,360.5,717.8,342.1,707.2,36.8,21.3,0.532,both,0.00,0.00,5.5,-41.2,-1.643,6.142,-3.136,-11.162,-0.951,0,7,249.06,16.73,14.21,172.20,-14.21,-0.00,358.36,6.14,6.15
149,4.972,TRACKING,323.4,695.0,360.5,716.3,342.0,705.6,37.2,21.3,0.520,both,0.00,0.00,4.0,-41.8,-1.656,6.003,-3.202,-10.865,-0.943,0,7,249.47,17.61,12.51,171.35,-12.51,0.00,358.34,6.01,7.00
150,5.005,TRACKING,323.8,693.2,360.5,714.5,342.1,703.8,36.7,21.3,0.316,blob,0.00,0.00,4.1,-43.6,-1.641,5.842,-3.168,-10.494,-0.936,0,9,249.89,18.25,10.87,170.25,-10.87,-0.00,358.36,5.84,8.11
151,5.038,TRACKING,323.4,691.8,360.5,713.2,342.0,702.5,37.0,21.3,0.324,both,0.00,0.00,2.6,-43.2,-1.658,5.719,-3.243,-10.260,-0.929,0,8,250.06,18.59,9.31,169.04,-9.31,-0.00,358.34,5.72,9.31
152,5.072,TRACKING,323.8,690.2,361.1,711.6,342.4,700.9,37.3,21.3,0.337,both,0.00,0.00,4.1,-44.0,-1.616,5.573,-3.119,-9.945,-0.923,0,10,250.08,18.61,7.83,167.20,-7.83,-0.00,358.38,5.58,11.18
153,5.105,TRACKING,324.0,689.0,361.5,710.4,342.8,699.7,37.5,21.3,0.500,both,0.00,0.00,5.2,-42.9,-1.583,5.464,-3.022,-9.756,-0.918,0,10,250.02,18.73,6.45,164.48,-6.45,0.00,358.42,5.47,13.93
154,5.138,TRACKING,323.6,687.5,361.9,708.9,342.8,698.2,38.3,21.3,0.350,blob,0.00,0.00,4.4,-43.2,-1.583,5.329,-3.045,-9.478,-0.914,0,12,249.70,18.55,5.17,160.80,-5.17,0.00,358.42,5.33,17.62
155,5.172,TRACKING,324.0,685.8,362.1,707.8,343.0,696.8,38.2,22.0,0.353,both,0.00,0.00,5.0,-43.1,-1.557,5.201,-2.976,-9.223,-1.000,0,8,249.21,18.40,4.00,155.02,-4.00,0.00,358.44,5.20,23.42
156,5.205,TRACKING,323.6,684.5,362.4,706.4,343.0,695.5,38.8,21.8,0.336,both,0.00,0.00,3.9,-42.7,-1.565,5.078,-3.023,-8.987,-1.000,0,10,248.67,18.11,2.96,146.01,-2.96,-0.00,358.43,5.08,32.42
157,5.239,TRACKING,324.6,683.0,362.4,705.4,343.5,694.2,37.8,22.4,0.512,both,0.00,0.00,5.8,-42.1,-1.515,4.960,-2.871,-8.768,-1.000,0,9,248.58,17.80,2.15,129.34,-2.15,0.00,358.48,4.96,49.14
158,5.272,TRACKING,324.7,681.9,362.5,703.9,343.6,692.9,37.8,22.1,0.322,blob,0.00,0.00,5.5,-41.4,-1.504,4.846,-2.856,-8.559,-1.000,0,9,248.57,17.04,1.71,102.60,-1.71,-0.00,358.50,4.85,75.90
159,5.305,TRACKING,324.8,680.5,362.6,702.3,343.7,691.4,37.9,21.9,0.379,both,0.00,0.00,5.1,-42.0,-1.497,4.707,-2.853,-8.263,-0.973,0,6,248.37,16.09,1.75,72.86,-1.75,-0.00,358.50,4.71,105.64
160,5.339,TRACKING,324.8,678.7,362.7,701.1,343.8,689.9,37.9,22.4,0.393,both,0.00,0.00,4.6,-42.2,-1.492,4.574,-2.858,-7.991,-1.000,0,7,248.04,14.97,2.10,51.99,-2.10,-0.00,358.51,4.58,126.51
161,5.372,TRACKING,324.8,677.5,362.7,699.6,343.8,688.5,37.9,22.1,0.393,blob,0.00,0.00,4.0,-42.1,-1.490,4.447,-2.870,-7.740,-1.000,0,10,247.87,13.85,2.56,39.63,-2.56,0.00,358.51,4.45,138.88
162,5.405,TRACKING,325.5,675.9,362.7,698.5,344.1,687.2,37.2,22.6,0.374,both,0.00,0.00,4.8,-41.8,-1.461,4.326,-2.789,-7.507,-1.000,0,5,248.09,13.03,3.04,32.40,-3.04,0.00,358.54,4.33,146.14
163,5.439,TRACKING,325.3,674.8,362.7,697.0,344.0,685.9,37.4,22.2,0.184,blob,0.00,0.00,3.8,-41.2,-1.466,4.208,-2.828,-7.287,-1.000,0,11,248.31,11.80,3.46,27.66,-3.46,0.00,358.53,4.21,150.88
164,5.472,TRACKING,325.9,673.4,362.7,696.0,344.3,684.7,36.8,22.7,0.351,both,0.00,0.00,4.3,-40.5,-1.444,4.095,-2.770,-7.078,-1.000,0,6,248.80,10.58,3.82,24.72,-3.82,-0.00,358.56,4.10,153.84
165,5.506,TRACKING,325.6,672.3,362.7,694.6,344.2,683.5,37.1,22.3,0.167,blob,0.00,0.00,3.0,-39.8,-1.455,3.984,-2.826,-6.877,-1.000,0,6,248.95,8.93,4.08,22.57,-4.08,0.00,358.55,3.99,155.98
166,5.539,TRACKING,325.3,671.0,363.4,693.0,344.4,682.0,38.1,22.0,0.352,both,0.00,0.00,3.3,-40.4,-1.438,3.848,-2.783,-6.586,-0.915,0,6,248.63,7.26,4.24,21.31,-4.24,-0.00,358.56,3.85,157.25
167,5.572,TRACKING,325.1,669.3,363.9,691.8,344.5,680.5,38.7,22.5,0.185,blob,0.00,0.00,3.4,-40.7,-1.424,3.717,-2.754,-6.316,-1.000,0,6,247.76,5.51,4.31,20.70,-4.31,0.00,358.58,3.72,157.88
168,5.606,TRACKING,325.7,668.1,364.2,690.2,344.9,679.2,38.5,22.1,0.185,blob,0.00,0.00,4.8,-40.7,-1.385,3.591,-2.637,-6.064,-0.966,0,7,247.02,3.63,4.30,21.00,-4.30,0.00,358.62,3.59,157.61
169,5.639,TRACKING,325.5,666.5,364.5,689.1,345.0,677.8,39.0,22.6,0.000,blob,0.00,0.00,4.3,-40.5,-1.381,3.470,-2.645,-5.827,-1.000,0,5,246.16,-0.00,4.10,22.20,-4.10,-0.00,358.62,3.47,156.42
170,5.672,TRACKING,325.3,665.4,364.7,687.7,345.0,676.6,39.4,22.2,0.000,blob,0.00,0.00,3.7,-40.1,-1.380,3.352,-2.659,-5.602,-0.979,0,8,244.74,-0.00,3.91,23.26,-3.91,0.00,358.62,3.35,155.36
171,5.706,TRACKING,325.8,664.0,364.8,686.6,345.3,675.3,38.9,22.7,0.000,blob,0.00,0.00,4.5,-39.6,-1.352,3.238,-2.580,-5.387,-1.000,0,5,243.91,-0.00,3.73,24.60,-3.73,0.00,358.65,3.24,154.04
172,5.739,TRACKING,326.2,663.0,365.5,685.2,345.8,674.1,39.3,22.3,0.000,blob,0.00,0.00,6.3,-39.1,-1.301,3.126,-2.428,-5.180,-0.979,0,11,242.54,-3.37,3.43,27.96,-3.43,-0.00,358.70,3.13,150.74
173,5.772,TRACKING,326.5,661.5,366.1,684.2,346.3,672.9,39.6,22.7,0.000,blob,0.00,0.00,7.6,-38.4,-1.260,3.017,-2.310,-4.978,-1.000,0,8,241.05,-4.94,3.10,32.98,-3.10,0.00,358.74,3.02,145.76
174,5.806,TRACKING,326.1,660.6,366.6,682.9,346.4,671.7,40.5,22.3,0.000,blob,0.00,0.00,6.9,-37.8,-1.254,2.909,-2.316,-4.779,-0.974,0,5,239.30,-6.37,2.74,39.56,-2.74,0.00,358.75,2.91,139.18
175,5.839,TRACKING,327.1,659.2,366.9,681.2,347.0,670.2,39.7,22.0,0.186,both,0.00,0.00,9.0,-38.6,-1.193,2.773,-2.137,-4.485,-0.884,0,5,238.09,-7.85,2.43,49.54,-2.43,-0.00,358.81,2.77,129.27
176,5.873,TRACKING,327.3,657.6,367.2,680.1,347.2,668.8,39.9,22.5,0.186,blob,0.00,0.00,8.9,-39.1,-1.173,2.643,-2.101,-4.212,-1.000,0,6,237.05,-8.87,2.19,62.47,-2.19,-0.00,358.83,2.65,116.36
177,5.906,TRACKING,328.1,656.4,367.3,678.5,347.7,667.4,39.3,22.2,0.384,both,0.00,0.00,9.9,-39.3,-1.130,2.518,-1.986,-3.955,-0.944,0,5,236.37,-9.88,2.09,78.33,-2.09,-0.00,358.87,2.52,100.54
178,5.939,TRACKING,328.0,654.8,367.6,677.4,347.8,666.1,39.6,22.6,0.199,blob,0.00,0.00,9.0,-39.3,-1.125,2.396,-2.002,-3.712,-1.000,0,8,235.74,-10.52,2.14,94.50,-2.14,-0.00,358.88,2.40,84.38
179,5.973,TRACKING,327.9,653.7,367.7,675.9,347.8,664.8,39.8,22.2,0.199,blob,0.00,0.00,7.9,-39.2,-1.123,2.278,-2.029,-3.480,-0.964,0,12,234.94,-11.15,2.32,109.16,-2.32,-0.00,358.88,2.28,69.72
180,6.006,TRACKING,327.8,652.2,367.7,674.9,347.8,663.6,39.9,22.7,0.000,blob,0.00,0.00,6.7,-38.9,-1.124,2.163,-2.063,-3.256,-1.000,0,5,234.29,-11.95,2.61,121.58,-2.61,-0.00,358.88,2.16,57.29
181,6.039,TRACKING,328.3,651.2,368.4,673.5,348.3,662.3,40.0,22.3,0.000,blob,0.00,0.00,8.4,-38.5,-1.071,2.050,-1.912,-3.041,-0.968,0,4,233.78,-12.42,3.01,130.69,-3.01,-0.00,358.93,2.05,48.24
182,6.073,TRACKING,328.8,649.8,368.9,672.5,348.8,661.1,40.1,22.7,0.000,blob,0.00,0.00,9.3,-38.1,-1.028,1.939,-1.798,-2.830,-1.000,0,5,233.16,-13.19,3.49,137.42,-3.49,-0.00,358.97,1.94,41.55
183,6.106,TRACKING,329.1,648.8,369.3,671.1,349.2,659.9,40.1,22.3,0.000,blob,0.00,0.00,9.8,-37.6,-0.994,1.830,-1.718,-2.624,-0.966,0,3,232.74,-13.76,4.01,142.40,-4.01,0.00,359.01,1.83,36.60
184,6.139,TRACKING,327.9,647.5,368.1,670.3,348.0,658.9,40.2,22.7,0.000,blob,-1.99,0.19,-47.6,-31.5,-1.103,1.735,-3.516,-2.601,-1.000,0,4,232.23,-14.51,4.58,145.81,-4.58,0.00,358.90,1.74,33.09
185,6.173,TRACKING,327.4,646.7,367.6,669.0,347.5,657.8,40.2,22.3,0.000,blob,-1.53,0.17,-30.4,-32.2,-1.146,1.635,-3.131,-2.382,-0.963,0,5,231.70,-15.22,5.20,147.92,-5.20,-0.00,358.85,1.64,30.93
186,6.206,TRACKING,329.0,645.2,368.5,667.9,348.7,656.6,39.5,22.7,0.194,both,0.00,0.00,19.1,-37.1,-1.036,1.522,-1.547,-2.021,-1.000,0,5,231.85,-15.77,5.85,149.04,-5.85,-0.00,358.96,1.52,29.92
187,6.240,TRACKING,329.4,644.2,369.9,666.5,349.7,655.4,40.4,22.3,0.194,blob,0.00,0.00,21.2,-36.9,-0.950,1.410,-1.315,-1.803,-0.960,0,4,231.37,-16.21,6.52,149.69,-6.52,0.00,359.05,1.41,29.36
188,6.273,TRACKING,330.5,642.8,370.9,665.5,350.7,654.2,40.4,22.7,0.194,blob,0.00,0.00,23.6,-36.7,-0.851,1.299,-1.052,-1.589,-1.000,0,5,230.93,-16.56,7.18,149.94,-7.18,-0.00,359.15,1.30,29.20
189,6.306,TRACKING,331.4,641.1,371.8,664.2,351.6,652.6,40.4,23.0,0.000,blob,0.00,0.00,24.7,-37.8,-0.773,1.161,-0.865,-1.281,-1.000,0,8,230.53,-16.80,7.83,150.06,-7.83,-0.00,359.23,1.16,29.17
190,6.340,TRACKING,332.1,639.9,372.4,662.5,352.2,651.2,40.3,22.5,0.000,blob,0.00,0.00,24.8,-38.6,-0.713,1.028,-0.743,-0.992,-1.000,0,6,229.95,-17.05,8.46,150.20,-8.46,0.00,359.29,1.03,29.08
191,6.373,TRACKING,332.6,638.4,372.9,661.2,352.7,649.8,40.3,22.9,0.000,blob,0.00,0.00,24.0,-39.2,-0.669,0.899,-0.676,-0.720,-1.000,0,7,229.47,-16.82,9.04,150.38,-9.04,-0.00,359.33,0.90,28.95
192,6.406,TRACKING,333.5,637.2,373.8,659.6,353.7,648.4,40.3,22.4,0.183,both,0.00,0.00,25.4,-39.4,-0.581,0.775,-0.463,-0.463,-0.962,0,4,228.85,-16.60,9.58,150.37,-9.58,-0.00,359.42,0.78,29.05
193,6.440,TRACKING,333.6,635.7,374.6,658.5,354.1,647.1,41.0,22.8,0.183,blob,0.00,0.00,24.2,-39.5,-0.541,0.653,-0.415,-0.219,-1.000,0,5,228.18,-16.04,10.06,150.40,-10.06,-0.00,359.46,0.65,29.06
194,6.473,TRACKING,334.3,634.7,375.1,657.0,354.7,645.8,40.8,22.4,0.183,blob,0.00,0.00,23.8,-39.4,-0.486,0.535,-0.318,0.015,-0.947,0,6,227.72,-15.50,10.48,150.40,-10.48,0.00,359.51,0.54,29.11
195,6.506,TRACKING,334.8,633.2,375.4,656.0,355.1,644.6,40.6,22.8,0.172,both,0.00,0.00,22.5,-39.2,-0.448,0.420,-0.274,0.240,-1.000,0,7,227.42,-15.08,10.84,150.46,-10.84,-0.00,359.55,0.42,29.09
196,6.540,TRACKING,335.2,632.2,375.7,654.5,355.4,643.3,40.5,22.3,0.172,blob,0.00,0.00,20.7,-38.9,-0.422,0.307,-0.272,0.457,-0.944,0,8,227.25,-14.59,11.15,150.61,-11.15,0.00,359.58,0.31,28.97
197,6.573,TRACKING,335.3,630.8,376.5,653.5,355.9,642.1,41.1,22.7,0.353,both,0.00,0.00,19.9,-38.5,-0.378,0.195,-0.206,0.670,-1.000,0,5,226.77,-14.23,11.41,150.76,-11.41,-0.00,359.62,0.20,28.86
198,6.607,TRACKING,335.4,629.8,377.0,652.1,356.2,640.9,41.6,22.3,0.181,blob,0.00,0.00,18.6,-38.1,-0.347,0.086,-0.182,0.878,-0.944,0,5,226.36,-13.48,11.61,150.93,-11.61,-0.00,359.65,0.09,28.72
199,6.640,TRACKING,336.1,628.4,377.3,651.1,356.7,639.8,41.2,22.7,0.181,blob,0.00,0.00,18.1,-37.6,-0.300,-0.023,-0.100,1.082,-1.000,0,7,226.22,-12.90,11.77,151.05,-11.77,0.00,359.70,-0.02,28.65
200,6.673,TRACKING,336.6,627.4,377.6,649.7,357.1,638.6,40.9,22.3,0.000,blob,0.00,0.00,17.0,-37.2,-0.266,-0.130,-0.063,1.285,-0.946,0,12,226.54,-12.19,11.87,151.17,-11.87,0.00,359.73,-0.13,28.56
201,6.707,TRACKING,336.9,626.1,378.4,648.8,357.7,637.4,41.4,22.7,0.179,both,0.00,0.00,16.9,-36.7,-0.215,-0.237,0.036,1.486,-1.000,0,6,226.55,-11.80,11.95,151.24,-11.95,-0.00,359.79,-0.24,28.54
202,6.740,TRACKING,337.2,625.1,379.0,647.4,358.1,636.3,41.8,22.3,0.179,blob,0.00,0.00,16.1,-36.3,-0.177,-0.344,0.089,1.688,-0.947,0,6,226.15,-11.27,11.99,151.31,-11.99,0.00,359.82,-0.34,28.51
203,6.773,TRACKING,338.0,623.7,379.3,646.5,358.7,635.1,41.3,22.7,0.179,blob,0.00,0.00,16.2,-35.9,-0.123,-0.449,0.201,1.888,-1.000,0,8,225.89,-10.60,12.00,151.29,-12.00,-0.00,359.88,-0.45,28.59
204,6.807,TRACKING,338.6,622.1,379.6,645.1,359.1,633.6,41.0,23.0,0.000,blob,0.00,0.00,15.7,-37.0,-0.083,-0.584,0.266,2.187,-1.000,0,9,225.98,-10.03,11.97,151.24,-11.97,0.00,359.92,-0.58,28.67
205,6.840,TRACKING,339.0,620.9,380.5,644.1,359.7,632.5,41.5,23.2,0.198,both,0.00,0.00,16.0,-36.4,-0.026,-0.686,0.388,2.373,-1.000,0,5,225.67,-9.40,11.92,151.10,-11.92,-0.00,359.97,-0.69,28.87
206,6.874,TRACKING,339.3,619.4,381.1,642.8,360.2,631.1,41.8,23.4,0.198,blob,0.00,0.00,15.6,-37.2,0.017,-0.816,0.463,2.657,-1.000,0,11,225.11,-8.91,11.84,150.94,-11.84,-0.00,0.02,-0.82,29.08
207,6.907,TRACKING,340.1,618.3,381.5,641.8,360.8,630.0,41.4,23.5,0.198,blob,0.00,0.00,16.0,-36.4,0.076,-0.914,0.594,2.830,-1.000,0,10,225.03,-8.63,11.76,150.72,-11.76,0.00,0.08,-0.91,29.36
208,6.940,TRACKING,340.8,616.9,381.8,640.4,361.3,628.6,41.0,23.5,0.000,blob,0.00,0.00,15.7,-37.1,0.121,-1.042,0.675,3.106,-1.000,0,12,225.07,-8.37,11.67,150.49,-11.67,-0.00,0.12,-1.04,29.63
209,6.974,TRACKING,341.2,615.8,382.7,639.4,362.0,627.6,41.5,23.6,0.000,blob,0.00,0.00,16.3,-36.2,0.181,-1.138,0.811,3.274,-1.000,0,9,224.79,-8.16,11.58,150.21,-11.58,-0.00,0.18,-1.14,29.97
210,7.007,TRACKING,341.6,614.4,383.4,638.0,362.5,626.2,41.8,23.6,0.000,blob,0.00,0.00,16.0,-36.9,0.228,-1.264,0.897,3.542,-1.000,0,6,224.09,-7.94,11.48,149.93,-11.48,-0.00,0.23,-1.26,30.30
211,7.040,TRACKING,341.8,613.4,383.9,637.0,362.8,625.2,42.1,23.6,0.000,blob,0.00,0.00,15.2,-35.9,0.261,-1.358,0.942,3.704,-1.000,0,12,223.53,-7.91,11.38,149.73,-11.38,-0.00,0.26,-1.36,30.53
212,7.074,TRACKING,342.6,612.0,384.8,635.7,363.7,623.9,42.2,23.7,0.000,blob,0.00,0.00,16.7,-36.5,0.341,-1.482,1.143,3.969,-1.000,0,11,222.88,-7.75,11.28,149.40,-11.28,-0.00,0.34,-1.48,30.94
213,7.107,TRACKING,343.2,611.0,385.6,634.7,364.4,622.8,42.4,23.7,0.000,blob,0.00,0.00,17.3,-35.6,0.404,-1.575,1.284,4.129,-1.000,0,10,222.42,-7.73,11.20,149.03,-11.20,-0.00,0.40,-1.58,31.37
214,7.140,TRACKING,343.7,609.6,386.1,633.3,364.9,621.5,42.4,23.7,0.000,blob,0.00,0.00,17.1,-36.2,0.451,-1.699,1.372,4.393,-1.000,0,11,221.90,-7.54,11.11,148.68,-11.11,0.00,0.45,-1.70,31.78
215,7.174,TRACKING,344.0,608.6,387.2,632.3,365.6,620.5,43.2,23.7,0.000,blob,0.00,0.00,17.6,-35.2,0.514,-1.792,1.512,4.553,-1.000,0,10,220.97,-7.50,11.03,148.29,-11.03,0.00,0.51,-1.79,32.22
216,7.207,TRACKING,344.9,607.3,387.9,631.0,366.4,619.1,43.0,23.7,0.000,blob,0.00,0.00,18.8,-35.9,0.590,-1.915,1.697,4.817,-1.000,0,8,220.17,-7.41,10.96,147.82,-10.96,-0.00,0.59,-1.92,32.77
217,7.241,TRACKING,345.6,606.3,388.5,630.0,367.1,618.1,42.9,23.7,0.175,both,0.00,0.00,19.0,-35.0,0.649,-2.007,1.821,4.976,-1.000,0,8,219.48,-7.39,10.90,147.35,-10.90,0.00,0.65,-2.01,33.30
218,7.274,TRACKING,346.1,604.9,389.0,628.6,367.5,616.8,42.8,23.7,0.175,blob,0.00,0.00,18.4,-35.6,0.693,-2.130,1.893,5.240,-1.000,0,9,218.89,-7.37,10.83,146.95,-10.83,-0.00,0.69,-2.13,33.74
219,7.307,TRACKING,346.5,603.9,389.9,627.6,368.2,615.8,43.5,23.7,0.175,blob,0.00,0.00,18.6,-34.8,0.753,-2.223,2.019,5.401,-1.000,0,12,218.00,-7.39,10.77,146.56,-10.77,0.00,0.75,-2.22,34.19
220,7.341,TRACKING,347.4,602.6,390.6,626.3,369.0,614.4,43.2,23.7,0.000,blob,0.00,0.00,19.5,-35.5,0.826,-2.346,2.189,5.667,-1.000,0,10,217.32,-7.43,10.72,146.13,-10.72,0.00,0.83,-2.35,34.69
221,7.374,TRACKING,348.1,600.9,391.1,625.3,369.6,613.1,43.0,24.4,0.000,blob,0.00,0.00,19.4,-36.0,0.882,-2.466,2.299,5.923,-1.000,0,12,216.80,-7.86,10.69,145.80,-10.69,0.00,0.88,-2.47,35.08
222,7.407,TRACKING,348.5,599.7,392.2,623.9,370.4,611.8,43.6,24.2,0.000,blob,0.00,0.00,20.0,-36.4,0.951,-2.585,2.455,6.171,-1.000,0,12,216.24,-8.22,10.69,145.51,-10.69,0.00,0.95,-2.59,35.44
223,7.441,TRACKING,348.9,598.8,393.0,622.9,370.9,610.9,44.0,24.1,0.000,blob,0.00,0.00,19.8,-35.4,1.004,-2.674,2.553,6.320,-1.000,0,9,215.29,-8.55,10.70,145.31,-10.70,0.00,1.00,-2.68,35.69
224,7.474,TRACKING,349.8,597.6,393.5,621.5,371.7,609.5,43.6,23.9,0.000,blob,0.00,0.00,20.2,-35.9,1.071,-2.794,2.699,6.574,-1.000,0,9,214.66,-8.81,10.72,145.15,-10.72,0.00,1.07,-2.80,35.92
225,7.508,TRACKING,350.5,596.6,394.5,620.5,372.5,608.6,44.0,23.9,0.000,blob,0.00,0.00,21.1,-34.9,1.150,-2.884,2.882,6.726,-1.000,0,10,213.90,-9.18,10.77,144.98,-10.77,0.00,1.15,-2.89,36.16
226,7.541,TRACKING,351.0,595.3,395.3,619.2,373.2,607.2,44.3,23.8,0.000,blob,0.00,0.00,21.1,-35.5,1.210,-3.004,3.002,6.983,-1.000,0,12,213.09,-9.43,10.82,144.89,-10.82,0.00,1.21,-3.01,36.32
227,7.574,TRACKING,351.4,594.4,395.9,618.2,373.7,606.3,44.5,23.8,0.000,blob,0.00,0.00,20.3,-34.6,1.255,-3.095,3.069,7.139,-1.000,0,7,212.28,-9.63,10.87,144.90,-10.87,0.00,1.25,-3.10,36.36
228,7.608,TRACKING,352.3,593.0,396.3,616.8,374.3,604.9,44.0,23.8,0.000,blob,0.00,0.00,20.2,-35.3,1.314,-3.216,3.186,7.401,-1.000,0,8,211.85,-9.72,10.91,144.94,-10.91,0.00,1.31,-3.22,36.38
229,7.641,TRACKING,353.0,591.4,397.2,615.9,375.1,603.6,44.3,24.5,0.000,blob,0.00,0.00,20.8,-35.8,1.386,-3.336,3.346,7.654,-1.000,0,11,211.15,-9.74,10.97,144.94,-10.97,-0.00,1.39,-3.34,36.45
230,7.674,TRACKING,353.4,590.2,397.9,614.5,375.7,602.3,44.5,24.2,0.000,blob,0.00,0.00,20.5,-36.2,1.441,-3.454,3.446,7.901,-1.000,0,7,210.48,-9.57,11.00,144.95,-11.00,0.00,1.44,-3.46,36.50
231,7.708,TRACKING,353.8,589.3,398.4,613.4,376.1,601.4,44.6,24.1,0.000,blob,0.00,0.00,19.4,-35.2,1.481,-3.542,3.496,8.048,-1.000,0,11,209.86,-9.60,11.03,145.04,-11.03,0.00,1.48,-3.54,36.44
232,7.741,TRACKING,354.7,588.1,398.7,612.1,376.7,600.1,44.0,24.0,0.174,both,0.00,0.00,19.2,-35.7,1.536,-3.661,3.600,8.301,-1.000,0,10,209.66,-9.51,11.04,145.14,-11.04,0.00,1.54,-3.66,36.39
233,7.774,TRACKING,354.7,586.5,399.0,611.1,376.9,598.8,44.3,24.6,0.174,blob,0.00,0.00,16.9,-36.1,1.548,-3.779,3.562,8.547,-1.000,0,10,209.21,-9.65,11.04,145.44,-11.04,-0.00,1.55,-3.78,36.11
234,7.808,TRACKING,355.2,585.4,399.8,609.7,377.5,597.5,44.5,24.3,0.174,blob,0.00,0.00,17.2,-36.4,1.608,-3.895,3.689,8.787,-1.000,0,10,208.61,-9.58,11.04,145.69,-11.04,0.00,1.61,-3.90,35.92
235,7.841,TRACKING,355.7,583.8,400.3,608.7,378.0,596.3,44.7,24.9,0.000,blob,0.00,0.00,16.7,-36.7,1.653,-4.009,3.765,9.023,-1.000,0,10,208.12,-9.59,11.03,145.98,-11.03,-0.00,1.65,-4.01,35.67
236,7.875,TRACKING,356.0,582.8,400.7,607.3,378.3,595.0,44.8,24.5,0.000,blob,0.00,0.00,15.6,-36.8,1.685,-4.123,3.800,9.253,-1.000,0,11,207.73,-9.52,11.01,146.33,-11.01,0.00,1.69,-4.12,35.36
237,7.908,TRACKING,356.2,581.3,401.0,606.3,378.6,593.8,44.8,25.0,0.000,blob,0.00,0.00,14.1,-36.9,1.706,-4.235,3.801,9.480,-1.000,0,10,207.25,-9.79,10.98,146.82,-10.98,0.00,1.71,-4.24,34.88
238,7.941,TRACKING,356.3,579.6,401.2,604.9,378.7,592.3,44.9,25.3,0.000,blob,0.00,0.00,12.3,-38.3,1.719,-4.375,3.776,9.797,-1.000,0,12,206.73,-9.97,10.95,147.47,-10.95,-0.00,1.72,-4.38,34.25
239,7.975,TRACKING,356.3,578.3,401.9,603.9,379.1,591.1,45.6,25.5,0.000,blob,0.00,0.00,11.7,-37.9,1.752,-4.482,3.826,10.001,-1.000,0,12,206.03,-10.04,10.92,148.14,-10.92,0.00,1.75,-4.48,33.61
240,8.008,TRACKING,356.9,577.4,402.4,602.4,379.6,589.9,45.4,25.0,0.000,blob,0.00,0.00,12.1,-37.6,1.803,-4.588,3.940,10.203,-1.000,0,12,205.61,-9.93,10.89,148.74,-10.89,0.00,1.80,-4.59,33.06
241,8.041,TRACKING,357.4,576.1,402.7,601.4,380.1,588.8,45.3,25.3,0.000,blob,0.00,0.00,11.9,-37.2,1.842,-4.693,4.012,10.404,-1.000,0,11,205.21,-10.01,10.86,149.34,-10.86,-0.00,1.84,-4.69,32.50
242,8.075,TRACKING,357.7,574.5,403.6,600.1,380.7,587.3,45.9,25.5,0.000,blob,0.00,0.00,12.6,-38.2,1.898,-4.827,4.142,10.698,-1.000,0,8,204.51,-9.84,10.84,149.84,-10.84,-0.00,1.90,-4.83,32.06
243,8.108,TRACKING,358.0,573.3,404.3,599.0,381.1,586.2,46.4,25.7,0.000,blob,0.00,0.00,12.6,-37.6,1.942,-4.928,4.230,10.884,-1.000,0,10,203.82,-9.81,10.81,150.31,-10.81,0.00,1.94,-4.93,31.64
244,8.141,TRACKING,358.2,571.9,404.8,597.7,381.5,584.8,46.7,25.8,0.000,blob,0.00,0.00,12.1,-38.4,1.974,-5.058,4.281,11.164,-1.000,0,12,203.19,-9.69,10.78,150.78,-10.78,0.00,1.97,-5.06,31.19
245,8.175,TRACKING,358.3,570.7,405.2,596.6,381.7,583.7,46.9,25.9,0.000,blob,0.00,0.00,11.2,-37.6,1.997,-5.156,4.302,11.337,-1.000,0,11,202.44,-9.61,10.73,151.30,-10.73,0.00,2.00,-5.16,30.70
246,8.208,TRACKING,358.4,569.3,405.4,595.3,381.9,582.3,47.0,25.9,0.000,blob,0.00,0.00,10.0,-38.2,2.012,-5.282,4.299,11.607,-1.000,0,12,201.66,-9.36,10.67,151.86,-10.67,0.00,2.01,-5.28,30.15
247,8.242,TRACKING,358.4,568.3,405.6,594.3,382.0,581.3,47.1,26.0,0.000,blob,0.00,0.00,8.6,-37.3,2.020,-5.377,4.277,11.771,-1.000,0,9,200.87,-9.26,10.59,152.51,-10.59,0.00,2.02,-5.38,29.51
248,8.275,TRACKING,356.7,566.9,403.9,592.9,380.3,579.9,47.2,26.0,0.000,blob,-2.27,-0.01,-58.4,-38.1,1.869,-5.502,2.129,12.044,-1.000,0,8,200.11,-9.17,10.53,153.01,-10.53,0.00,1.87,-5.50,28.86
249,8.308,TRACKING,357.2,565.9,404.5,591.9,380.8,578.9,47.2,26.0,0.000,blob,0.00,0.00,10.1,-36.8,1.913,-5.595,4.106,12.192,-1.000,0,9,199.40,-9.27,10.48,153.48,-10.48,-0.00,1.91,-5.60,28.44
250,8.342,TRACKING,357.6,564.5,404.8,590.5,381.2,577.5,47.3,26.0,0.000,blob,0.00,0.00,10.1,-37.3,1.948,-5.717,4.173,12.450,-1.000,0,8,198.75,-9.05,10.42,153.90,-10.42,-0.00,1.95,-5.72,28.05
251,8.375,TRACKING,358.5,563.5,405.1,589.5,381.8,576.5,46.6,26.1,0.214,both,0.00,0.00,11.0,-36.2,2.002,-5.808,4.307,12.603,-1.000,0,6,198.31,-9.02,10.36,154.22,-10.36,-0.00,2.00,-5.81,27.78
252,8.408,TRACKING,359.1,562.1,406.0,588.9,382.5,575.5,46.8,26.8,0.214,blob,0.00,0.00,12.6,-35.4,2.071,-5.902,4.490,12.767,-1.000,0,10,197.88,-8.81,10.32,154.37,-10.32,0.00,2.07,-5.90,27.70
253,8.442,TRACKING,359.0,561.2,406.7,587.7,382.9,574.4,47.7,26.6,0.424,both,0.00,0.00,12.1,-34.7,2.099,-5.997,4.531,12.939,-1.000,0,6,197.17,-8.91,10.27,154.57,-10.27,0.00,2.10,-6.00,27.53
254,8.475,TRACKING,359.6,559.8,407.2,586.9,383.4,573.4,47.6,27.1,0.379,both,0.00,0.00,12.6,-34.1,2.146,-6.094,4.638,13.116,-1.000,0,9,196.62,-8.93,10.23,154.73,-10.23,0.00,2.15,-6.09,27.41
255,8.508,TRACKING,362.5,559.0,404.8,584.1,383.6,571.6,42.3,25.1,0.379,model,0.00,0.00,11.9,-37.0,2.171,-6.259,4.670,13.523,-1.000,0,7,198.50,-9.84,10.24,155.06,-10.24,0.00,2.17,-6.26,27.11
256,8.542,TRACKING,362.8,558.2,405.1,582.9,383.9,570.6,42.4,24.7,0.471,both,0.00,0.00,11.4,-35.9,2.199,-6.349,4.713,13.674,-1.000,0,7,200.38,-10.54,10.27,155.50,-10.27,-0.00,2.20,-6.35,26.70
257,8.575,TRACKING,362.3,557.1,405.5,581.4,383.9,569.2,43.2,24.4,0.513,both,0.00,0.00,9.3,-36.4,2.192,-6.468,4.639,13.926,-0.965,0,8,201.91,-11.48,10.34,156.21,-10.34,0.00,2.19,-6.47,25.98
258,8.609,TRACKING,361.9,556.2,405.6,580.3,383.7,568.3,43.7,24.2,0.799,both,0.00,0.00,7.1,-35.4,2.181,-6.559,4.558,14.080,-0.955,0,6,203.03,-12.38,10.43,157.18,-10.43,0.00,2.18,-6.56,25.00
259,8.642,TRACKING,362.2,554.9,406.3,578.9,384.2,566.9,44.1,24.0,0.750,both,0.00,0.00,7.8,-36.0,2.223,-6.679,4.661,14.334,-0.962,0,5,203.86,-13.29,10.57,158.13,-10.57,0.00,2.22,-6.68,24.09
260,8.675,TRACKING,361.7,554.0,406.8,577.9,384.3,565.9,45.1,23.9,0.833,both,0.00,0.00,6.7,-35.1,2.229,-6.769,4.641,14.490,-0.977,0,4,204.33,-14.11,10.73,159.20,-10.73,0.00,2.23,-6.77,23.03
261,8.709,TRACKING,362.7,552.7,407.1,576.5,384.9,564.6,44.3,23.9,0.819,both,0.00,0.00,8.2,-35.7,2.287,-6.890,4.801,14.748,-0.997,0,7,205.08,-14.67,10.93,160.10,-10.93,0.00,2.29,-6.89,22.19
262,8.742,TRACKING,362.8,551.1,407.4,574.9,385.1,563.0,44.5,23.8,0.835,both,0.00,0.00,7.7,-37.6,2.305,-7.036,4.821,15.090,-1.000,0,7,205.67,-15.12,11.14,161.02,-11.14,-0.00,2.30,-7.04,21.29
263,8.775,TRACKING,363.6,549.8,407.5,573.6,385.5,561.7,44.0,23.8,0.751,both,0.00,0.00,8.3,-37.6,2.345,-7.148,4.919,15.315,-1.000,0,3,206.49,-15.56,11.36,161.84,-11.36,-0.00,2.35,-7.15,20.51
264,8.809,TRACKING,363.4,548.3,407.7,572.1,385.6,560.2,44.3,23.8,0.750,both,0.00,0.00,7.1,-39.0,2.348,-7.287,4.891,15.628,-1.000,0,3,207.30,-15.90,11.59,162.72,-11.59,0.00,2.35,-7.29,19.63
265,8.842,TRACKING,364.0,547.2,407.8,570.9,385.9,559.0,43.8,23.7,0.737,both,0.00,0.00,7.2,-38.5,2.376,-7.392,4.948,15.827,-1.000,0,5,208.29,-16.25,11.82,163.54,-11.82,-0.00,2.38,-7.39,18.83
266,8.876,TRACKING,363.7,545.6,407.9,570.1,385.8,557.9,44.1,24.4,0.787,both,0.00,0.00,5.5,-38.1,2.368,-7.497,4.888,16.026,-1.000,0,12,209.03,-16.47,12.05,164.44,-12.05,0.00,2.37,-7.50,17.93
267,8.909,TRACKING,364.1,544.6,407.8,568.8,386.0,556.7,43.7,24.2,0.790,both,0.00,0.00,5.3,-37.7,2.387,-7.602,4.920,16.222,-1.000,0,8,209.96,-16.71,12.28,165.29,-12.28,0.00,2.39,-7.60,17.10
268,8.942,TRACKING,363.8,543.2,407.9,567.3,385.8,555.3,44.1,24.1,0.837,both,0.00,0.00,3.6,-38.6,2.372,-7.734,4.842,16.511,-1.000,0,9,210.83,-16.99,12.50,166.23,-12.50,-0.00,2.37,-7.73,16.14
269,8.976,TRACKING,363.5,542.2,407.8,566.1,385.7,554.1,44.4,24.0,0.878,both,0.00,0.00,1.9,-37.9,2.357,-7.834,4.767,16.691,-1.000,0,7,211.49,-17.35,12.73,167.23,-12.73,-0.00,2.36,-7.83,15.12
270,9.009,TRACKING,363.9,540.8,407.7,564.7,385.8,552.7,43.8,23.9,0.848,both,0.00,0.00,1.9,-38.7,2.370,-7.962,4.792,16.967,-1.000,0,6,212.37,-17.61,12.96,168.17,-12.96,0.00,2.37,-7.96,14.20
271,9.042,TRACKING,363.5,539.7,407.7,563.6,385.6,551.7,44.2,23.8,0.817,both,0.00,0.00,0.3,-37.8,2.352,-8.058,4.712,17.135,-1.000,0,6,213.01,-17.86,13.19,169.17,-13.19,-0.00,2.35,-8.06,13.18
272,9.076,TRACKING,363.9,538.4,407.6,562.2,385.7,550.3,43.7,23.8,0.803,both,0.00,0.00,0.4,-38.4,2.363,-8.182,4.735,17.399,-1.000,0,10,213.86,-18.01,13.42,170.08,-13.42,-0.00,2.36,-8.18,12.28
273,9.109,TRACKING,363.5,537.3,407.6,561.1,385.5,549.2,44.1,23.8,0.858,both,0.00,0.00,-1.1,-37.3,2.343,-8.276,4.656,17.558,-1.000,0,9,214.48,-18.25,13.64,171.03,-13.64,-0.00,2.34,-8.28,11.31
274,9.142,TRACKING,363.8,536.0,407.5,559.7,385.6,547.9,43.7,23.7,0.890,both,0.00,0.00,-0.9,-37.8,2.353,-8.398,4.682,17.815,-1.000,0,5,215.30,-18.21,13.86,171.89,-13.86,0.00,2.35,-8.40,10.46
275,9.176,TRACKING,363.3,534.3,408.1,558.8,385.7,546.5,44.8,24.4,0.847,both,0.00,0.00,-0.8,-38.1,2.360,-8.517,4.699,18.060,-1.000,0,11,215.32,-18.21,14.07,172.67,-14.07,-0.00,2.36,-8.52,9.69
276,9.209,TRACKING,363.7,533.1,408.5,557.4,386.1,545.3,44.8,24.2,0.815,both,0.00,0.00,0.7,-38.3,2.395,-8.633,4.807,18.296,-1.000,0,11,215.34,-18.03,14.26,173.28,-14.26,0.00,2.39,-8.63,9.12
277,9.243,TRACKING,363.9,531.6,408.8,556.4,386.4,544.0,44.9,24.8,0.785,both,0.00,0.00,1.7,-38.3,2.424,-8.747,4.895,18.524,-1.000,0,9,215.35,-18.12,14.45,173.76,-14.45,0.00,2.42,-8.75,8.66
278,9.276,TRACKING,364.2,530.5,409.1,555.0,386.7,542.7,44.9,24.5,0.820,both,0.00,0.00,2.5,-38.2,2.448,-8.859,4.964,18.745,-1.000,0,9,215.18,-17.98,14.62,174.15,-14.62,0.00,2.45,-8.86,8.30
279,9.309,TRACKING,364.4,529.0,409.3,554.0,386.9,541.5,44.9,24.9,0.827,both,0.00,0.00,3.0,-38.0,2.467,-8.970,5.017,18.960,-1.000,0,11,214.86,-17.97,14.79,174.47,-14.79,-0.00,2.47,-8.97,8.00
280,9.343,TRACKING,364.6,527.3,409.5,552.6,387.0,540.0,45.0,25.3,0.850,both,0.00,0.00,3.3,-39.2,2.483,-9.106,5.056,19.263,-1.000,0,11,214.43,-17.77,14.93,174.74,-14.93,0.00,2.48,-9.10,7.74
281,9.376,TRACKING,365.3,526.1,410.3,550.9,387.8,538.5,45.0,24.8,0.825,both,0.00,0.00,6.1,-40.0,2.551,-9.237,5.272,19.545,-1.000,0,8,213.90,-17.46,15.06,174.79,-15.06,0.00,2.55,-9.24,7.76
282,9.409,TRACKING,365.3,524.5,410.9,549.7,388.1,537.1,45.7,25.2,0.782,both,0.00,0.00,6.8,-40.5,2.580,-9.363,5.348,19.809,-1.000,0,8,212.94,-16.88,15.15,174.78,-15.15,-0.00,2.58,-9.36,7.80
283,9.443,TRACKING,365.9,523.4,411.4,548.1,388.7,535.7,45.5,24.7,0.702,both,0.00,0.00,8.5,-40.7,2.632,-9.485,5.499,20.059,-1.000,0,7,212.03,-16.17,15.20,174.64,-15.20,-0.00,2.63,-9.48,8.00
284,9.476,TRACKING,366.5,521.8,411.8,547.0,389.1,534.4,45.3,25.1,0.686,both,0.00,0.00,9.6,-40.7,2.674,-9.603,5.612,20.294,-1.000,0,5,211.14,-15.42,15.21,174.41,-15.21,-0.00,2.67,-9.60,8.26
285,9.510,TRACKING,366.8,520.1,412.8,545.5,389.8,532.8,45.9,25.4,0.713,both,0.00,0.00,11.5,-41.9,2.735,-9.745,5.786,20.609,-1.000,0,8,209.91,-14.72,15.18,174.05,-15.18,-0.00,2.74,-9.74,8.68
286,9.543,TRACKING,367.8,518.8,413.5,543.8,390.7,531.3,45.7,24.9,0.711,both,0.00,0.00,14.0,-42.6,2.814,-9.881,6.014,20.899,-1.000,0,5,208.79,-13.72,15.11,173.52,-15.11,-0.00,2.81,-9.88,9.30
287,9.576,TRACKING,368.6,517.2,414.1,542.5,391.4,529.8,45.5,25.3,0.729,both,0.00,0.00,15.6,-43.0,2.878,-10.010,6.186,21.167,-1.000,0,10,207.91,-12.81,15.00,172.87,-15.00,0.00,2.88,-10.01,10.01
288,9.610,TRACKING,368.5,515.3,415.3,542.2,391.9,528.7,46.7,26.9,0.636,both,0.00,0.00,16.4,-41.7,2.929,-10.108,6.308,21.328,-1.000,0,10,206.34,-11.55,14.83,172.16,-14.83,0.00,2.93,-10.10,10.76
289,9.643,TRACKING,368.5,513.3,416.8,541.4,392.6,527.4,48.4,28.1,0.659,both,0.00,0.00,17.8,-41.8,2.996,-10.231,6.480,21.575,-1.000,0,12,203.83,-10.42,14.62,171.35,-14.62,-0.00,3.00,-10.23,11.64
290,9.676,TRACKING,369.1,511.9,417.9,540.1,393.5,526.0,48.8,28.2,0.593,both,0.00,0.00,19.7,-41.7,3.077,-10.349,6.695,21.808,-1.000,0,7,201.21,-9.27,14.36,170.40,-14.36,-0.00,3.08,-10.34,12.68
291,9.710,TRACKING,371.0,511.0,418.7,538.5,394.9,524.7,47.6,27.6,0.662,both,0.00,0.00,23.5,-41.3,3.200,-10.464,7.046,22.025,-1.000,0,9,200.45,-8.91,14.12,169.19,-14.12,-0.00,3.20,-10.46,14.01
292,9.743,TRACKING,371.9,509.6,419.4,536.7,395.6,523.2,47.6,27.1,0.647,both,0.00,0.00,24.3,-42.2,3.270,-10.602,7.207,22.325,-1.000,0,8,199.82,-8.51,13.88,167.94,-13.88,0.00,3.27,-10.59,15.33
293,9.776,TRACKING,371.8,507.9,420.7,536.1,396.2,522.0,48.9,28.2,0.691,both,0.00,0.00,24.1,-41.3,3.325,-10.708,7.313,22.513,-1.000,0,7,198.48,-8.17,13.64,166.71,-13.64,0.00,3.32,-10.70,16.61
294,9.810,TRACKING,373.7,506.8,421.5,533.6,397.6,520.2,47.7,26.9,0.703,both,0.00,0.00,27.4,-43.2,3.450,-10.866,7.653,22.878,-1.000,0,6,197.65,-7.99,13.42,165.28,-13.42,0.00,3.45,-10.86,18.17
295,9.843,TRACKING,373.8,504.5,422.9,532.6,398.4,518.6,49.1,28.1,0.687,both,0.00,0.00,27.7,-44.3,3.521,-11.012,7.802,23.198,-1.000,0,10,196.23,-7.76,13.21,163.87,-13.21,-0.00,3.52,-11.00,19.65
296,9.877,TRACKING,374.0,502.9,423.9,531.1,399.0,517.0,50.0,28.2,0.708,both,0.00,0.00,27.0,-44.9,3.575,-11.151,7.891,23.490,-1.000,0,8,194.29,-7.61,13.00,162.54,-13.00,-0.00,3.57,-11.14,21.04
297,9.910,TRACKING,374.7,501.1,424.6,529.3,399.7,515.2,49.9,28.3,0.702,both,0.00,0.00,26.9,-46.5,3.640,-11.309,8.017,23.846,-1.000,0,8,192.66,-7.19,12.79,161.23,-12.79,-0.00,3.64,-11.30,22.41
298,9.943,TRACKING,375.2,499.6,425.8,529.3,400.5,514.4,50.6,29.7,0.715,both,0.00,0.00,27.2,-43.4,3.716,-11.378,8.178,23.901,-1.000,0,5,190.84,-6.83,12.58,159.92,-12.58,0.00,3.72,-11.36,23.79
299,9.977,TRACKING,375.6,498.1,426.6,527.4,401.1,512.7,51.0,29.3,0.696,both,0.00,0.00,26.6,-44.6,3.773,-11.527,8.276,24.230,-1.000,0,7,189.09,-6.27,12.36,158.65,-12.36,-0.00,3.77,-11.51,25.13
300,10.010,TRACKING,376.6,496.3,427.2,525.4,401.9,510.8,50.6,29.1,0.720,both,0.00,0.00,26.5,-46.6,3.842,-11.695,8.409,24.618,-1.000,0,7,187.57,-5.77,12.13,157.37,-12.13,0.00,3.84,-11.68,26.47
301,10.043,TRACKING,377.9,495.0,427.6,523.1,402.7,509.0,49.7,28.2,0.789,both,0.00,0.00,26.8,-47.8,3.920,-11.852,8.575,24.963,-1.000,0,7,186.67,-5.21,11.89,156.03,-11.89,-0.00,3.92,-11.83,27.89
302,10.077,TRACKING,378.2,493.3,428.6,521.5,403.4,507.4,50.4,28.3,0.793,both,0.00,0.00,26.2,-48.4,3.980,-11.996,8.677,25.265,-1.000,0,9,185.51,-4.81,11.64,154.72,-11.64,-0.00,3.98,-11.98,29.26
303,10.110,TRACKING,379.0,491.4,429.9,519.7,404.4,505.6,50.9,28.3,0.779,both,0.00,0.00,27.4,-49.8,4.077,-12.158,8.905,25.623,-1.000,0,5,184.37,-4.30,11.40,153.29,-11.40,0.00,4.08,-12.14,30.78
304,10.143,TRACKING,379.6,489.3,430.9,519.0,405.3,504.1,51.3,29.8,0.698,both,0.00,0.00,27.4,-49.0,4.153,-12.282,9.057,25.851,-1.000,0,6,183.14,-3.96,11.17,151.85,-11.17,-0.00,4.15,-12.26,32.30
305,10.177,TRACKING,380.1,487.2,432.3,517.3,406.2,502.2,52.2,30.1,0.661,both,0.00,0.00,27.8,-50.7,4.237,-12.451,9.235,26.230,-1.000,0,6,181.61,-3.70,10.94,150.38,-10.94,-0.00,4.24,-12.43,33.86
306,10.210,TRACKING,381.1,485.0,433.3,515.3,407.2,500.1,52.2,30.3,0.639,both,0.00,0.00,28.4,-52.8,4.328,-12.634,9.435,26.651,-1.000,0,9,180.36,-3.63,10.73,148.88,-10.73,0.00,4.33,-12.61,35.45
307,10.244,TRACKING,381.9,483.3,434.0,513.1,407.9,498.2,52.2,29.7,0.665,both,0.00,0.00,28.0,-54.0,4.397,-12.802,9.560,27.014,-1.000,0,5,179.19,-3.52,10.53,147.44,-10.53,-0.00,4.40,-12.78,36.95
308,10.277,TRACKING,382.4,481.3,435.2,512.1,408.8,496.7,52.9,30.8,0.677,both,0.00,0.00,27.9,-53.0,4.475,-12.930,9.715,27.242,-1.000,0,6,178.02,-3.50,10.34,146.04,-10.34,-0.00,4.48,-12.90,38.43
309,10.310,TRACKING,383.4,479.4,436.1,510.2,409.7,494.8,52.6,30.8,0.700,both,0.00,0.00,28.2,-54.3,4.561,-13.101,9.894,27.616,-1.000,0,6,177.00,-3.51,10.17,144.67,-10.17,0.00,4.56,-13.07,39.89
310,10.344,TRACKING,384.8,477.3,437.3,508.1,411.0,492.7,52.5,30.8,0.689,both,0.00,0.00,30.1,-56.0,4.680,-13.284,10.185,28.025,-1.000,0,7,176.28,-3.33,10.02,143.17,-10.02,-0.00,4.68,-13.25,41.51
311,10.377,TRACKING,385.9,475.1,438.3,505.9,412.1,490.5,52.4,30.8,0.683,both,0.00,0.00,30.6,-58.1,4.774,-13.476,10.384,28.460,-1.000,0,8,175.50,-3.28,9.89,141.67,-9.89,0.00,4.77,-13.44,43.10
312,10.410,TRACKING,386.6,473.3,439.6,504.2,413.1,488.7,53.0,30.8,0.640,both,0.00,0.00,31.2,-57.6,4.872,-13.624,10.596,28.743,-1.000,0,4,174.62,-3.33,9.78,140.21,-9.78,0.00,4.87,-13.59,44.67
313,10.444,TRACKING,387.9,471.5,440.6,502.3,414.3,486.9,52.7,30.8,0.645,both,0.00,0.00,31.9,-57.9,4.974,-13.785,10.819,29.068,-1.000,0,5,173.95,-3.48,9.69,138.78,-9.69,0.00,4.97,-13.75,46.19
314,10.477,TRACKING,388.8,469.5,442.0,500.3,415.4,484.9,53.3,30.8,0.661,both,0.00,0.00,32.6,-58.6,5.079,-13.957,11.050,29.431,-1.000,0,7,173.22,-3.58,9.63,137.40,-9.63,0.00,5.08,-13.92,47.68
315,10.511,TRACKING,390.9,468.1,442.3,498.2,416.6,483.1,51.5,30.1,0.677,both,0.00,0.00,33.5,-58.4,5.187,-14.113,11.288,29.733,-1.000,0,6,173.24,-3.82,9.58,136.07,-9.58,0.00,5.19,-14.07,49.12
316,10.544,TRACKING,392.3,467.0,443.3,495.9,417.8,481.5,51.0,28.9,0.665,both,0.00,0.00,34.2,-57.5,5.296,-14.254,11.528,29.990,-1.000,0,5,173.55,-4.27,9.57,134.86,-9.57,0.00,5.30,-14.21,50.43
317,10.577,TRACKING,394.1,465.6,444.0,493.7,419.0,479.7,49.9,28.0,0.662,both,0.00,0.00,35.0,-57.3,5.407,-14.409,11.770,30.294,-1.000,0,4,174.36,-4.60,9.58,133.74,-9.58,0.00,5.41,-14.36,51.66
318,10.611,TRACKING,396.0,464.0,445.1,491.4,420.6,477.7,49.1,27.5,0.670,both,0.00,0.00,37.1,-57.8,5.547,-14.577,12.106,30.639,-1.000,0,5,175.38,-4.94,9.63,132.63,-9.63,0.00,5.55,-14.52,52.92
319,10.644,TRACKING,397.4,462.1,446.0,489.2,421.7,475.6,48.6,27.0,0.699,both,0.00,0.00,37.4,-58.7,5.655,-14.755,12.330,31.016,-1.000,0,6,176.72,-5.24,9.70,131.63,-9.70,0.00,5.66,-14.70,54.02
320,10.677,TRACKING,399.1,460.1,447.4,486.9,423.2,473.5,48.2,26.8,0.693,both,0.00,0.00,39.0,-60.0,5.792,-14.941,12.647,31.418,-1.000,0,9,178.29,-5.54,9.80,130.66,-9.80,0.00,5.79,-14.88,55.13
321,10.711,TRACKING,400.4,457.9,448.4,485.2,424.4,471.5,48.0,27.3,0.741,both,0.00,0.00,38.9,-60.1,5.897,-15.108,12.853,31.752,-1.000,0,6,179.90,-6.03,9.91,129.87,-9.91,0.00,5.90,-15.04,56.02
322,10.744,TRACKING,401.3,455.7,449.8,483.3,425.6,469.5,48.5,27.6,0.684,both,0.00,0.00,38.8,-60.7,6.002,-15.284,13.060,32.117,-1.000,0,8,181.41,-6.65,10.03,129.29,-10.03,0.00,6.00,-15.22,56.72
323,10.777,TRACKING,402.0,454.0,450.9,481.2,426.4,467.6,48.9,27.2,0.663,both,0.00,0.00,37.3,-60.3,6.081,-15.442,13.176,32.420,-1.000,0,4,182.88,-7.38,10.16,128.99,-10.16,0.00,6.08,-15.37,57.09
324,10.811,TRACKING,403.1,452.2,452.2,479.1,427.6,465.6,49.1,26.8,0.612,both,0.00,0.00,37.4,-60.4,6.190,-15.610,13.398,32.756,-1.000,0,3,184.03,-7.92,10.30,128.83,-10.30,-0.00,6.19,-15.54,57.36
325,10.844,TRACKING,403.9,450.3,453.2,476.9,428.5,463.6,49.3,26.6,0.670,both,0.00,0.00,36.1,-60.9,6.272,-15.786,13.526,33.121,-1.000,0,4,184.81,-8.36,10.43,128.85,-10.43,0.00,6.27,-15.71,57.42
326,10.878,TRACKING,404.4,447.5,454.5,475.3,429.5,461.4,50.2,27.9,0.718,both,0.00,0.00,35.1,-61.8,6.357,-15.970,13.671,33.508,-1.000,0,7,185.19,-8.56,10.54,128.97,-10.54,0.00,6.36,-15.89,57.39
327,10.911,TRACKING,404.7,444.7,456.2,474.2,430.5,459.5,51.4,29.5,0.747,both,0.00,0.00,34.4,-61.6,6.447,-16.135,13.829,33.829,-1.000,0,5,185.33,-8.81,10.65,129.18,-10.65,-0.00,6.45,-16.05,57.27
328,10.944,TRACKING,405.0,442.2,457.3,472.1,431.2,457.1,52.4,29.9,0.751,both,0.00,0.00,32.5,-63.1,6.512,-16.333,13.907,34.260,-1.000,0,8,185.20,-9.10,10.73,129.54,-10.73,-0.00,6.51,-16.25,56.97
329,10.978,TRACKING,405.8,439.6,458.7,470.5,432.3,455.0,53.0,30.9,0.731,both,0.00,0.00,32.4,-63.4,6.609,-16.509,14.100,34.617,-1.000,0,5,184.63,-9.44,10.82,129.96,-10.82,0.00,6.61,-16.42,56.65
330,11.011,TRACKING,406.3,437.7,459.8,468.6,433.1,453.2,53.4,30.8,0.673,both,0.00,0.00,31.1,-62.6,6.682,-16.667,14.210,34.910,-1.000,0,11,184.21,-9.86,10.90,130.53,-10.90,-0.00,6.68,-16.57,56.15
331,11.044,TRACKING,406.7,435.8,461.2,466.6,433.9,451.2,54.5,30.8,0.651,both,0.00,0.00,30.2,-62.4,6.761,-16.833,14.343,35.234,-1.000,0,8,183.24,-10.35,10.97,131.23,-10.97,-0.00,6.76,-16.74,55.53
332,11.078,TRACKING,407.6,433.1,462.1,464.6,434.8,448.8,54.5,31.5,0.640,both,0.00,0.00,29.6,-63.9,6.845,-17.032,14.495,35.666,-1.000,0,9,182.17,-10.80,11.05,132.02,-11.05,-0.00,6.84,-16.93,54.82
333,11.111,TRACKING,408.2,431.1,463.4,462.4,435.8,446.7,55.2,31.3,0.665,both,0.00,0.00,29.4,-64.1,6.933,-17.209,14.663,36.020,-1.000,0,12,180.94,-11.03,11.12,132.84,-11.12,-0.00,6.93,-17.10,54.10
334,11.144,TRACKING,409.3,429.0,465.0,460.1,437.1,444.5,55.7,31.2,0.664,both,0.00,0.00,30.6,-64.5,7.052,-17.391,14.936,36.392,-1.000,0,11,179.49,-11.20,11.21,133.58,-11.21,-0.00,7.05,-17.28,53.48
335,11.178,TRACKING,410.8,426.8,466.1,457.8,438.5,442.3,55.3,31.1,0.682,both,0.00,0.00,31.9,-65.2,7.172,-17.578,15.208,36.779,-1.000,0,12,178.17,-11.13,11.30,134.20,-11.30,0.00,7.17,-17.46,52.97
336,11.211,TRACKING,411.9,424.5,467.7,455.5,439.8,440.0,55.8,31.0,0.691,both,0.00,0.00,32.9,-65.9,7.291,-17.768,15.474,37.176,-1.000,0,11,176.84,-10.93,11.39,134.69,-11.39,-0.00,7.29,-17.65,52.60
337,11.245,TRACKING,413.4,422.2,468.8,453.2,441.1,437.7,55.4,30.9,0.670,both,0.00,0.00,33.9,-66.8,7.410,-17.962,15.737,37.582,-1.000,0,12,175.92,-10.76,11.48,135.08,-11.48,-0.00,7.41,-17.84,52.33
338,11.278,TRACKING,414.5,419.9,469.6,450.8,442.1,435.3,55.1,30.9,0.660,both,0.00,0.00,33.4,-67.8,7.500,-18.158,15.905,37.993,-1.000,0,10,175.04,-10.60,11.55,135.44,-11.55,0.00,7.50,-18.03,52.06
339,11.311,TRACKING,416.0,417.5,470.9,448.4,443.4,432.9,54.9,30.9,0.652,both,0.00,0.00,34.5,-68.7,7.621,-18.356,16.175,38.407,-1.000,0,9,174.20,-10.28,11.61,135.67,-11.61,-0.00,7.62,-18.22,51.95
340,11.345,TRACKING,417.0,415.1,472.5,446.0,444.8,430.5,55.5,30.9,0.652,both,0.00,0.00,35.3,-69.6,7.740,-18.554,16.436,38.822,-1.000,0,12,173.16,-9.90,11.67,135.77,-11.67,0.00,7.74,-18.41,51.97
341,11.378,TRACKING,418.5,412.7,473.7,443.5,446.1,428.1,55.2,30.8,0.649,both,0.00,0.00,36.1,-70.4,7.859,-18.754,16.693,39.237,-1.000,0,11,172.11,-9.67,11.72,135.79,-11.72,0.00,7.86,-18.60,52.07
342,11.411,TRACKING,419.5,410.9,475.2,441.0,447.4,426.0,55.7,30.1,0.642,both,0.00,0.00,36.7,-69.9,7.976,-18.929,16.943,39.572,-1.000,0,12,170.96,-9.53,11.76,135.77,-11.76,-0.00,7.98,-18.77,52.21
343,11.445,TRACKING,420.3,409.0,476.4,438.6,448.4,423.8,56.0,29.6,0.670,both,0.00,0.00,35.9,-69.6,8.065,-19.108,17.098,39.917,-1.000,0,11,169.76,-9.42,11.79,135.78,-11.79,0.00,8.06,-18.95,52.28
344,11.478,TRACKING,421.5,407.0,477.8,436.2,449.7,421.6,56.3,29.3,0.653,both,0.00,0.00,36.5,-69.4,8.183,-19.289,17.352,40.272,-1.000,0,12,168.41,-9.34,11.81,135.76,-11.81,-0.00,8.18,-19.12,52.42
345,11.511,TRACKING,423.0,404.8,479.5,433.9,451.3,419.3,56.4,29.0,0.613,both,0.00,0.00,38.4,-69.4,8.327,-19.473,17.687,40.636,-1.000,0,12,167.12,-9.27,11.85,135.65,-11.85,-0.00,8.33,-19.30,52.67
346,11.545,TRACKING,424.2,402.6,480.8,432.1,452.5,417.4,56.6,29.6,0.628,both,0.00,0.00,38.5,-68.2,8.438,-19.634,17.912,40.926,-1.000,0,12,165.87,-9.09,11.88,135.52,-11.88,-0.00,8.44,-19.45,52.92
347,11.578,TRACKING,425.7,400.4,482.4,430.3,454.0,415.3,56.6,29.9,0.652,both,0.00,0.00,39.8,-67.3,8.575,-19.801,18.222,41.235,-1.000,0,12,164.68,-8.74,11.90,135.28,-11.90,0.00,8.58,-19.61,53.29
348,11.612,TRACKING,427.5,398.2,483.5,427.7,455.5,412.9,56.0,29.5,0.685,both,0.00,0.00,40.8,-68.1,8.708,-19.996,18.513,41.641,-1.000,0,12,163.65,-8.33,11.92,134.94,-11.92,0.00,8.71,-19.80,53.77
349,11.645,TRACKING,428.8,395.8,485.1,425.7,456.9,410.8,56.2,29.9,0.641,both,0.00,0.00,41.4,-67.6,8.836,-20.168,18.785,41.967,-1.000,0,12,162.64,-7.79,11.92,134.50,-11.92,-0.00,8.84,-19.96,54.34
350,11.678,TRACKING,430.6,393.5,484.9,422.2,457.7,407.8,54.3,28.7,0.640,both,-1.70,-1.10,-4.4,-99.0,8.906,-20.407,17.695,43.190,-1.000,0,12,162.20,-7.14,11.95,133.71,-11.95,-0.00,8.91,-20.20,55.20
351,11.712,TRACKING,433.2,391.9,486.1,419.8,459.6,405.9,52.9,27.9,0.654,both,0.00,0.00,48.9,-64.8,9.080,-20.565,19.471,42.688,-1.000,0,11,162.52,-6.53,12.00,132.74,-12.00,-0.00,9.08,-20.34,56.34
352,11.745,TRACKING,434.4,389.4,487.8,418.2,461.1,403.8,53.4,28.8,0.676,both,0.00,0.00,49.0,-64.3,9.213,-20.730,19.738,43.000,-1.000,0,12,162.80,-6.20,12.03,131.75,-12.03,0.00,9.21,-20.50,57.46
353,11.778,TRACKING,435.3,385.7,489.8,416.5,462.5,401.1,54.4,30.8,0.668,both,0.00,0.00,48.7,-66.6,9.339,-20.947,19.983,43.484,-1.000,0,12,162.98,-5.86,12.05,130.76,-12.05,0.00,9.34,-20.71,58.58
354,11.812,TRACKING,436.7,383.6,491.1,414.4,463.9,399.0,54.4,30.8,0.693,both,0.00,0.00,48.0,-66.0,9.459,-21.114,20.204,43.802,-1.000,0,12,163.36,-5.62,12.07,129.80,-12.07,-0.00,9.46,-20.87,59.66
355,11.845,TRACKING,436.7,380.9,491.9,411.7,464.3,396.3,55.2,30.8,0.682,both,-1.19,-0.78,12.8,-88.5,9.495,-21.332,19.333,44.763,-1.000,0,11,163.68,-5.44,12.08,128.84,-12.08,-0.00,9.49,-21.08,60.66
356,11.879,TRACKING,437.6,378.8,494.0,409.7,465.8,394.3,56.4,30.8,0.686,both,0.00,0.00,48.4,-64.3,9.629,-21.494,20.552,44.513,-1.000,0,12,163.78,-5.15,12.09,127.87,-12.09,0.00,9.63,-21.23,61.76
357,11.912,TRACKING,438.9,376.7,495.5,407.6,467.2,392.2,56.5,30.8,0.664,both,0.00,0.00,48.0,-63.9,9.755,-21.661,20.792,44.834,-1.000,0,12,164.01,-5.03,12.10,126.94,-12.10,-0.00,9.75,-21.39,62.81
358,11.945,TRACKING,440.5,374.6,497.1,405.4,468.8,390.0,56.6,30.8,0.645,both,0.00,0.00,48.5,-63.9,9.902,-21.831,21.099,45.172,-1.000,0,12,164.22,-5.05,12.11,126.05,-12.11,-0.00,9.90,-21.55,63.85
359,11.979,TRACKING,441.7,372.4,499.1,403.2,470.4,387.8,57.4,30.8,0.676,both,0.00,0.00,48.6,-64.2,10.039,-22.006,21.373,45.523,-1.000,0,5,164.24,-5.19,12.13,125.23,-12.13,0.00,10.04,-21.72,64.81
360,12.012,TRACKING,443.2,370.1,500.4,400.9,471.8,385.5,57.2,30.8,0.689,both,0.00,0.00,48.1,-64.6,10.168,-22.184,21.620,45.885,-1.000,0,8,164.39,-5.37,12.15,124.51,-12.15,0.00,10.17,-21.88,65.65
361,12.045,TRACKING,444.1,367.4,501.2,398.3,472.6,382.8,57.1,30.8,0.695,both,-1.17,-0.52,14.9,-80.1,10.239,-22.395,20.876,46.664,-1.000,0,10,164.65,-5.46,12.20,123.78,-12.20,0.00,10.24,-22.09,66.46
362,12.079,TRACKING,443.9,364.6,500.9,395.5,472.4,380.1,57.0,30.8,0.601,both,-2.36,-0.78,-18.3,-87.2,10.218,-22.614,19.948,47.261,-1.000,0,8,164.88,-5.42,12.27,123.00,-12.27,-0.00,10.22,-22.31,67.22
363,12.112,TRACKING,445.1,362.1,502.1,392.9,473.6,377.5,57.0,30.8,0.515,both,-1.33,-0.57,16.5,-80.1,10.329,-22.811,21.097,47.485,-1.000,0,12,165.00,-5.45,12.39,122.13,-12.39,0.00,10.33,-22.49,68.20
364,12.145,TRACKING,446.9,359.6,503.9,390.4,475.4,375.0,56.9,30.8,0.478,both,-1.14,-0.67,27.5,-82.1,10.487,-23.008,21.704,47.918,-1.000,0,12,165.05,-5.42,12.57,121.13,-12.57,0.00,10.49,-22.68,69.35
365,12.179,TRACKING,448.1,357.3,505.8,388.1,476.9,372.7,57.6,30.8,0.321,blob,-1.42,-0.41,23.9,-73.1,10.622,-23.185,21.880,48.059,-1.000,0,5,164.83,-5.46,12.80,120.07,-12.80,-0.00,10.62,-22.85,70.55
366,12.212,TRACKING,450.9,355.4,508.3,386.2,479.6,370.8,57.4,30.8,0.354,both,0.00,0.00,69.6,-60.2,10.857,-23.337,23.559,48.064,-1.000,0,10,164.68,-5.58,13.06,119.04,-13.06,-0.00,10.86,-22.98,71.82
367,12.246,TRACKING,451.8,352.6,509.7,382.7,480.7,367.7,57.9,30.1,0.189,blob,-1.60,-0.98,24.8,-89.8,10.959,-23.574,22.575,49.210,-1.000,0,12,164.24,-5.85,13.36,118.06,-13.36,-0.00,10.96,-23.21,72.89
368,12.279,TRACKING,453.3,350.2,511.6,379.8,482.5,365.0,58.3,29.6,0.437,both,-1.32,-0.68,37.3,-80.4,11.114,-23.781,23.217,49.403,-1.000,0,8,163.72,-6.13,13.69,117.13,-13.69,0.00,11.11,-23.40,73.98
369,12.312,TRACKING,455.0,347.9,512.9,377.1,483.9,362.5,57.9,29.3,0.474,both,-1.69,-0.55,30.2,-76.1,11.242,-23.973,23.283,49.684,-1.000,0,9,163.28,-6.27,14.05,116.22,-14.05,0.00,11.24,-23.58,75.02
370,12.346,TRACKING,456.4,345.4,514.7,374.4,485.5,359.9,58.3,29.0,0.706,both,-1.52,-0.72,38.8,-80.3,11.383,-24.170,23.793,50.168,-1.000,0,11,162.67,-6.38,14.44,115.35,-14.44,-0.00,11.38,-23.77,76.03
371,12.379,TRACKING,459.3,343.5,517.8,373.0,488.6,358.3,58.6,29.6,0.671,both,0.00,0.00,86.8,-57.3,11.649,-24.298,25.585,49.900,-1.000,0,11,162.07,-6.36,14.84,114.51,-14.84,-0.00,11.65,-23.87,77.14
372,12.412,TRACKING,462.1,341.5,520.8,371.4,491.5,356.4,58.8,29.9,0.656,both,0.00,0.00,88.6,-56.5,11.906,-24.436,26.141,50.156,-1.000,0,6,161.38,-6.29,15.24,113.72,-15.24,-0.00,11.91,-23.99,78.19
373,12.446,TRACKING,463.9,339.1,522.1,369.3,493.0,354.2,58.2,30.2,0.651,both,-1.35,-0.49,49.4,-70.5,12.040,-24.610,25.378,50.815,-1.000,0,9,160.97,-6.27,15.62,112.98,-15.62,-0.00,12.04,-24.15,79.06
374,12.479,TRACKING,465.8,337.4,523.6,367.1,494.7,352.2,57.8,29.7,0.682,both,-1.44,-0.38,48.8,-65.5,12.188,-24.755,25.660,50.990,-1.000,0,6,160.75,-6.20,16.02,112.26,-16.02,0.00,12.19,-24.28,79.93
375,12.513,TRACKING,468.9,335.9,526.4,365.2,497.7,350.5,57.5,29.3,0.710,both,0.00,0.00,93.2,-53.1,12.451,-24.884,27.341,50.966,-1.000,0,11,160.68,-6.20,16.41,111.59,-16.41,-0.00,12.45,-24.39,80.86
376,12.546,TRACKING,471.9,334.2,529.2,363.2,500.5,348.7,57.3,29.0,0.483,blob,0.00,0.00,93.7,-53.0,12.702,-25.023,27.848,51.240,-1.000,0,11,160.61,-6.22,16.78,110.99,-16.78,0.00,12.70,-24.50,81.72
377,12.579,TRACKING,474.7,332.3,531.9,361.1,503.3,346.7,57.2,28.9,0.487,both,0.00,0.00,93.4,-53.5,12.942,-25.172,28.317,51.546,-1.000,0,8,160.66,-6.37,17.13,110.46,-17.13,0.00,12.94,-24.63,82.48
378,12.613,TRACKING,475.6,330.1,533.4,358.8,504.5,344.5,57.8,28.7,0.506,both,-1.57,-0.22,46.1,-60.8,13.045,-25.341,27.292,52.043,-1.000,0,6,160.46,-6.51,17.46,110.02,-17.46,-0.00,13.04,-24.78,83.03
379,12.646,TRACKING,476.9,327.7,535.1,356.4,506.0,342.0,58.2,28.7,0.703,both,-1.48,-0.40,49.5,-67.0,13.179,-25.524,27.647,52.540,-1.000,0,10,160.12,-6.72,17.78,109.64,-17.78,0.00,13.18,-24.95,83.54
380,12.679,TRACKING,479.6,325.6,538.1,354.2,508.9,339.9,58.5,28.6,0.707,both,0.00,0.00,93.7,-56.0,13.428,-25.683,29.287,52.613,-1.000,0,12,159.67,-6.99,18.08,109.33,-18.08,0.00,13.43,-25.09,84.10
381,12.713,TRACKING,482.2,323.3,541.0,352.6,511.6,338.0,58.7,29.3,0.714,both,0.00,0.00,93.0,-56.2,13.666,-25.827,29.738,52.900,-1.000,0,9,159.17,-7.22,18.35,109.10,-18.35,-0.00,13.67,-25.21,84.56
382,12.746,TRACKING,484.8,321.1,543.7,350.1,514.2,335.6,58.9,29.0,0.780,both,0.00,0.00,91.7,-58.1,13.893,-26.001,30.156,53.287,-1.000,0,10,158.63,-7.31,18.58,108.93,-18.58,0.00,13.89,-25.35,84.97
383,12.779,TRACKING,487.3,318.7,545.6,348.3,516.4,333.5,58.3,29.6,0.780,both,0.00,0.00,88.7,-58.8,14.084,-26.157,30.456,53.612,-1.000,0,12,158.29,-7.14,18.76,108.78,-18.76,-0.00,14.08,-25.49,85.30
384,12.813,TRACKING,489.7,316.4,547.5,346.3,518.6,331.3,57.8,29.9,0.793,both,0.00,0.00,85.7,-59.9,14.272,-26.319,30.752,53.955,-1.000,0,12,158.19,-6.78,18.88,108.63,-18.88,-0.00,14.27,-25.63,85.64
385,12.846,TRACKING,492.0,314.0,549.5,344.2,520.8,329.1,57.5,30.2,0.766,both,0.00,0.00,82.8,-61.2,14.457,-26.485,31.045,54.313,-1.000,0,12,158.16,-6.33,18.96,108.46,-18.96,0.00,14.46,-25.77,85.99
386,12.880,TRACKING,494.2,312.2,551.6,341.9,522.9,327.0,57.3,29.7,0.720,both,0.00,0.00,80.1,-61.3,14.641,-26.634,31.339,54.608,-1.000,0,7,158.52,-5.80,19.00,108.26,-19.00,0.00,14.64,-25.90,86.38
387,12.913,TRACKING,496.4,310.3,553.6,339.6,525.0,324.9,57.2,29.3,0.704,both,0.00,0.00,77.5,-61.8,14.824,-26.788,31.635,54.924,-1.000,0,11,159.19,-5.27,19.00,108.02,-19.00,0.00,14.82,-26.03,86.80
388,12.946,TRACKING,497.8,307.9,554.9,336.9,526.4,322.4,57.1,29.0,0.750,both,-1.01,-0.46,45.9,-75.7,14.941,-26.973,31.060,55.590,-1.000,0,12,159.87,-4.91,18.99,107.75,-18.99,-0.00,14.94,-26.20,87.19
389,12.980,TRACKING,500.2,305.8,557.2,334.7,528.7,320.2,57.0,28.9,0.792,both,0.00,0.00,75.1,-62.6,15.142,-27.130,32.204,55.617,-1.000,0,11,160.46,-4.62,18.97,107.46,-18.97,-0.00,15.14,-26.34,87.68
390,13.013,TRACKING,503.2,303.6,560.1,333.0,531.7,318.3,57.0,29.5,0.742,both,0.00,0.00,76.5,-62.1,15.392,-27.270,32.735,55.883,-1.000,0,12,161.09,-4.42,18.98,107.14,-18.98,0.00,15.39,-26.45,88.25
391,13.046,TRACKING,506.0,302.0,562.9,331.2,534.5,316.6,56.9,29.1,0.668,both,0.00,0.00,77.4,-60.7,15.632,-27.395,33.234,56.100,-1.000,0,12,161.65,-4.30,18.99,106.80,-18.99,0.00,15.63,-26.54,88.83
392,13.080,TRACKING,508.1,300.3,565.7,329.2,536.9,314.7,57.6,28.9,0.651,both,0.00,0.00,76.6,-60.0,15.839,-27.529,33.622,56.351,-1.000,0,12,161.83,-4.03,19.00,106.45,-19.00,0.00,15.84,-26.65,89.39
393,13.113,TRACKING,510.2,298.4,568.3,327.2,539.3,312.8,58.1,28.8,0.656,both,0.00,0.00,75.6,-59.9,16.042,-27.671,34.000,56.628,-1.000,0,12,161.86,-3.73,18.99,106.09,-18.99,-0.00,16.04,-26.76,89.95
394,13.146,TRACKING,512.4,296.4,570.9,325.1,541.7,310.7,58.4,28.7,0.700,both,0.00,0.00,74.7,-60.2,16.242,-27.819,34.372,56.927,-1.000,0,12,161.79,-3.37,18.97,105.70,-18.97,0.00,16.24,-26.89,90.54
395,13.180,TRACKING,514.7,294.3,573.3,322.9,544.0,308.6,58.7,28.6,0.747,both,0.00,0.00,73.7,-60.8,16.440,-27.973,34.740,57.245,-1.000,0,12,161.56,-3.03,18.94,105.30,-18.94,-0.00,16.44,-27.01,91.14
396,13.213,TRACKING,517.6,292.0,575.7,321.3,546.6,306.6,58.1,29.3,0.793,both,0.00,0.00,74.1,-60.4,16.662,-28.110,35.188,57.507,-1.000,0,12,161.53,-2.66,18.91,104.86,-18.91,-0.00,16.66,-27.12,91.80
397,13.247,TRACKING,520.3,289.8,578.0,319.5,549.2,304.6,57.7,29.7,0.788,both,0.00,0.00,74.2,-60.5,16.878,-28.255,35.619,57.794,-1.000,0,12,161.64,-2.31,18.89,104.38,-18.89,-0.00,16.88,-27.23,92.49
398,13.280,TRACKING,523.0,288.1,580.4,317.5,551.7,302.8,57.5,29.3,0.712,both,0.00,0.00,74.1,-59.6,17.090,-28.384,36.037,58.030,-1.000,0,12,161.86,-2.14,18.87,103.91,-18.87,-0.00,17.09,-27.33,93.18
399,13.313,TRACKING,525.5,286.3,583.5,315.4,554.5,300.9,58.0,29.1,0.662,both,0.00,0.00,75.2,-59.3,17.322,-28.521,36.524,58.296,-1.000,0,12,161.93,-1.96,18.87,103.42,-18.87,0.00,17.32,-27.44,93.90
400,13.347,TRACKING,528.0,284.3,586.4,313.9,557.2,299.1,58.4,29.6,0.637,both,0.00,0.00,75.9,-58.3,17.548,-28.644,36.989,58.517,-1.000,0,12,161.91,-1.69,18.88,102.92,-18.88,-0.00,17.55,-27.53,94.63
401,13.380,TRACKING,530.5,282.3,589.1,312.2,559.8,297.3,58.6,30.0,0.723,both,0.00,0.00,76.3,-57.8,17.768,-28.776,37.433,58.769,-1.000,0,12,161.73,-0.00,18.91,102.19,-18.91,0.00,17.77,-27.63,95.57
402,13.413,TRACKING,533.7,280.2,591.7,310.4,562.7,295.3,58.1,30.2,0.781,both,0.00,0.00,77.7,-57.9,18.008,-28.916,37.943,59.048,-1.000,0,12,161.75,-0.00,18.95,101.50,-18.95,0.00,18.01,-27.73,96.51
403,13.447,TRACKING,537.2,278.7,594.9,308.3,566.1,293.5,57.7,29.7,0.752,both,0.00,0.00,81.2,-57.2,18.290,-29.041,38.587,59.280,-1.000,0,12,161.81,-0.00,19.04,100.81,-19.04,-0.00,18.29,-27.82,97.48
404,13.480,TRACKING,540.6,276.9,598.0,306.9,569.3,291.9,57.4,30.0,0.684,both,0.00,0.00,83.7,-55.8,18.556,-29.154,39.174,59.473,-1.000,0,12,161.88,-0.00,19.17,100.15,-19.17,-0.00,18.56,-27.89,98.40
405,13.514,TRACKING,543.7,275.0,601.0,305.2,572.4,290.1,57.3,30.3,0.701,both,0.00,0.00,85.3,-55.1,18.809,-29.278,39.711,59.705,-1.000,0,12,162.07,-0.00,19.31,99.53,-19.31,0.00,18.81,-27.98,99.28
406,13.547,TRACKING,547.3,273.0,604.5,303.4,575.9,288.2,57.1,30.4,0.739,both,0.00,0.00,88.7,-55.2,19.099,-29.411,40.368,59.969,-1.000,0,12,162.22,-0.00,19.50,98.92,-19.50,-0.00,19.10,-28.06,100.18
407,13.580,TRACKING,551.4,270.9,607.7,302.1,579.5,286.5,56.3,31.3,0.728,both,0.00,0.00,92.3,-54.5,19.397,-29.531,41.042,60.191,-1.000,0,12,162.57,-0.00,19.73,98.33,-19.73,-0.00,19.40,-28.14,101.06
408,13.614,TRACKING,554.3,269.4,611.5,299.8,582.9,284.6,57.2,30.4,0.669,both,0.00,0.00,94.4,-54.5,19.673,-29.661,41.637,60.447,-1.000,0,12,162.59,-0.00,19.99,97.78,-19.99,-0.00,19.67,-28.22,101.89
409,13.647,TRACKING,557.9,267.7,615.0,298.2,586.4,282.9,57.1,30.5,0.665,both,0.00,0.00,96.7,-53.7,19.957,-29.778,42.252,60.665,-1.000,0,12,162.71,-1.77,20.24,97.49,-20.24,0.00,19.96,-28.29,102.47
410,13.680,TRACKING,561.1,265.8,618.8,296.4,590.0,281.1,57.7,30.6,0.697,both,0.00,0.00,99.1,-53.7,20.245,-29.906,42.876,60.917,-1.000,0,12,162.69,-1.98,20.51,97.24,-20.51,0.00,20.25,-28.37,103.01
411,13.714,TRACKING,564.9,263.7,622.3,294.4,593.6,279.1,57.5,30.7,0.686,both,0.00,0.00,101.5,-54.3,20.538,-30.042,43.508,61.200,-1.000,0,12,162.79,-2.33,20.80,97.04,-20.80,-0.00,20.54,-28.46,103.50
412,13.747,TRACKING,568.3,262.2,626.3,292.9,597.3,277.6,58.0,30.7,0.624,both,0.00,0.00,103.7,-52.8,20.832,-30.146,44.140,61.373,-1.000,0,12,162.76,-2.73,21.09,96.89,-21.09,0.00,20.83,-28.51,103.94
413,13.780,TRACKING,571.5,260.5,629.8,291.3,600.7,275.9,58.4,30.7,0.609,both,0.00,0.00,104.5,-52.2,21.104,-30.261,44.693,61.588,-1.000,0,12,162.66,-3.07,21.38,96.80,-21.38,-0.00,21.10,-28.58,104.31
414,13.814,TRACKING,575.1,258.7,633.7,289.5,604.4,274.1,58.6,30.8,0.611,both,0.00,0.00,106.7,-52.3,21.403,-30.386,45.333,61.839,-1.000,0,12,162.40,-3.47,21.68,96.75,-21.68,0.00,21.40,-28.65,104.65
415,13.847,TRACKING,579.1,256.7,637.2,287.5,608.2,272.1,58.1,30.8,0.662,both,0.00,0.00,108.6,-53.1,21.702,-30.521,45.966,62.122,-1.000,0,12,162.24,-3.93,21.97,96.75,-21.97,0.00,21.70,-28.73,104.95
416,13.881,TRACKING,582.7,255.2,641.1,286.0,611.9,270.6,58.4,30.8,0.435,blob,0.00,0.00,110.3,-51.8,21.999,-30.623,46.588,62.297,-1.000,0,12,161.93,-4.39,22.27,96.80,-22.27,-0.00,22.00,-28.78,105.20
417,13.914,TRACKING,586.0,253.5,644.7,284.3,615.4,268.9,58.7,30.8,0.216,blob,0.00,0.00,110.4,-51.3,22.271,-30.737,47.124,62.514,-1.000,0,12,161.52,-4.84,22.54,96.89,-22.54,0.00,22.27,-28.84,105.38
418,13.947,TRACKING,590.4,251.7,648.5,282.5,619.4,267.1,58.1,30.8,0.000,blob,0.00,0.00,113.1,-51.7,22.591,-30.863,47.815,62.769,-1.000,0,12,161.25,-5.30,22.82,97.02,-22.82,-0.00,22.59,-28.91,105.57
419,13.981,TRACKING,594.2,249.7,652.7,280.5,623.4,265.1,58.4,30.8,0.227,both,0.00,0.00,115.2,-52.6,22.904,-30.997,48.477,63.052,-1.000,0,12,160.96,-5.76,23.11,97.19,-23.11,0.00,22.90,-28.98,105.72
420,14.014,TRACKING,597.8,248.2,656.4,279.0,627.1,263.6,58.7,30.8,0.227,blob,0.00,0.00,115.5,-51.4,23.188,-31.098,49.040,63.230,-1.000,0,12,160.68,-6.06,23.38,97.37,-23.38,0.00,23.19,-29.03,105.82
421,14.047,TRACKING,601.6,246.5,660.4,277.3,631.0,261.9,58.8,30.8,0.227,blob,0.00,0.00,116.9,-51.2,23.492,-31.213,49.667,63.450,-1.000,0,12,160.40,-6.29,23.65,97.55,-23.65,-0.00,23.49,-29.08,105.94
422,14.081,TRACKING,605.7,244.6,664.7,275.4,635.2,260.0,58.9,30.8,0.185,both,0.00,0.00,119.1,-51.7,23.813,-31.337,50.345,63.707,-1.000,0,12,160.14,-6.59,23.92,97.75,-23.92,0.00,23.81,-29.14,106.06
423,14.114,TRACKING,609.4,242.6,668.5,273.4,639.0,258.0,59.0,30.8,0.185,blob,0.00,0.00,119.3,-52.7,24.103,-31.471,50.916,63.992,-1.000,0,12,159.90,-6.96,24.17,97.97,-24.17,-0.00,24.10,-29.21,106.14
424,14.147,TRACKING,612.8,241.1,672.6,271.9,642.7,256.5,59.8,30.8,0.185,blob,0.00,0.00,119.2,-51.7,24.387,-31.573,51.470,64.173,-1.000,0,12,159.48,-7.29,24.40,98.21,-24.40,0.00,24.39,-29.26,106.18
425,14.181,TRACKING,617.1,239.4,676.8,270.2,646.9,254.8,59.6,30.8,0.000,blob,0.00,0.00,121.3,-51.5,24.712,-31.687,52.153,64.395,-1.000,0,12,159.16,-7.70,24.64,98.46,-24.64,0.00,24.71,-29.30,106.25
426,14.214,TRACKING,621.0,237.5,681.2,268.3,651.1,252.9,60.2,30.8,0.000,blob,0.00,0.00,122.7,-52.0,25.025,-31.811,52.795,64.651,-1.000,0,12,158.71,-8.21,24.87,98.74,-24.87,0.00,25.02,-29.36,106.28
427,14.248,TRACKING,625.1,236.1,685.7,266.9,655.4,251.5,60.6,30.8,0.000,blob,0.00,0.00,124.6,-50.6,25.350,-31.905,53.474,64.808,-1.000,0,12,158.19,-8.71,25.09,99.05,-25.09,-0.00,25.35,-29.38,106.30
428,14.281,TRACKING,629.4,234.5,690.3,265.3,659.9,249.9,60.9,30.8,0.000,blob,0.00,0.00,127.0,-50.1,25.685,-32.012,54.180,65.010,-1.000,0,12,157.53,-9.06,25.33,99.35,-25.33,0.00,25.69,-29.42,106.33
429,14.314,TRACKING,632.0,232.7,701.0,263.5,666.5,248.1,68.9,30.8,0.000,blob,0.00,0.00,138.3,-50.3,26.176,-32.128,55.381,65.245,-1.000,0,12,154.79,-9.71,25.66,99.66,-25.66,-0.00,26.18,-29.42,106.52
430,14.348,TRACKING,636.2,230.8,709.3,261.6,672.7,246.2,73.1,30.8,0.000,blob,0.00,0.00,147.0,-51.2,26.636,-32.254,56.463,65.511,-1.000,0,12,151.21,-10.57,26.03,99.99,-26.03,0.00,26.64,-29.45,106.64
431,14.381,TRACKING,641.1,228.6,715.7,260.2,678.4,244.4,74.6,31.5,0.000,blob,0.00,0.00,152.4,-51.5,27.053,-32.371,57.388,65.748,-1.000,0,12,147.50,-12.14,26.37,100.44,-26.37,-0.00,27.05,-29.47,106.61
432,14.414,TRACKING,646.4,227.1,720.6,258.4,683.5,242.8,74.3,31.3,0.000,blob,0.00,0.00,154.5,-51.1,27.420,-32.479,58.144,65.954,-1.000,0,12,144.20,-14.07,26.65,101.05,-26.65,-0.00,27.42,-29.49,106.37
433,14.448,TRACKING,651.0,225.4,724.3,256.5,687.6,240.9,73.3,31.2,0.000,blob,0.00,0.00,152.3,-51.5,27.718,-32.598,58.677,66.197,-1.000,0,12,,,,,,,27.72,,
434,14.481,TRACKING,655.6,223.4,726.8,255.2,691.2,239.3,71.2,31.8,0.000,blob,0.00,0.00,147.8,-51.3,27.975,-32.706,59.080,66.407,-1.000,0,12,,,,,,,27.97,,
435,14.514,TRACKING,660.1,221.3,728.4,253.5,694.3,237.4,68.3,32.2,0.000,blob,0.00,0.00,141.4,-51.8,28.196,-32.826,59.377,66.655,-1.000,0,12,,,,,,,28.20,,
436,14.548,TRACKING,664.5,220.5,729.4,251.6,697.0,236.1,64.9,31.1,0.000,blob,0.00,0.00,133.8,-50.2,28.387,-32.914,59.590,66.799,-1.000,0,12,,,,,,,28.39,,
437,14.581,TRACKING,668.8,220.0,729.9,249.6,699.3,234.8,61.0,29.6,0.000,blob,0.00,0.00,125.3,-48.4,28.555,-32.996,59.741,66.924,-1.000,0,12,,,,,,,28.56,,
438,14.615,TRACKING,673.6,219.7,729.9,248.2,701.8,234.0,56.2,28.5,0.000,blob,0.00,0.00,117.6,-44.8,28.726,-33.050,59.915,66.963,-1.000,0,12,,,,,,,28.73,,
439,14.648,TRACKING,677.6,220.3,729.7,246.6,703.7,233.4,52.2,26.4,0.000,blob,0.00,0.00,108.2,-40.2,28.861,-33.083,59.985,66.940,-0.764,0,12,,,,,,,28.86,,
440,14.681,TRACKING,681.5,220.8,729.4,244.9,705.4,232.9,47.9,24.1,0.000,blob,0.00,0.00,99.0,-36.2,28.986,-33.121,60.040,66.939,-0.232,0,12,,,,,,,28.99,,
441,14.715,TRACKING,684.7,220.5,728.9,243.8,706.8,232.2,44.2,23.3,0.000,blob,0.00,0.00,88.9,-33.0,29.084,-33.164,60.024,66.962,-0.162,0,12,,,,,,,29.08,,
442,14.748,TRACKING,688.8,219.8,728.3,242.5,708.5,231.1,39.4,22.7,0.000,blob,0.00,0.00,81.2,-31.9,29.205,-33.233,60.100,67.080,-0.163,0,12,,,,,,,29.20,,
443,14.781,TRACKING,692.2,219.2,727.6,240.8,709.9,230.0,35.4,21.6,0.000,blob,0.00,0.00,72.7,-31.1,29.302,-33.303,60.116,67.203,0.030,0,12,168.27,-16.92,21.67,113.46,-21.67,0.00,29.30,-29.83,95.84
444,14.815,TRACKING,695.8,218.2,727.0,239.7,711.4,228.9,31.2,21.5,0.000,blob,0.00,0.00,65.4,-30.5,29.403,-33.374,60.167,67.332,-0.135,0,12,180.27,-12.79,21.38,113.97,-21.38,-0.00,29.40,-29.87,95.43
445,14.848,TRACKING,700.3,216.7,726.4,238.2,713.3,227.5,26.1,21.5,0.000,blob,0.00,0.00,61.3,-31.7,29.539,-33.467,60.349,67.541,-0.272,0,12,196.31,-6.47,21.15,113.64,-21.15,0.00,29.54,-29.93,95.90
446,14.882,TRACKING,704.0,216.4,725.9,236.4,714.9,226.4,21.8,20.0,0.000,blob,0.00,0.00,56.3,-31.0,29.650,-33.535,60.466,67.662,0.102,0,12,,,,,,,29.65,,
447,14.915,COASTING,705.9,215.4,727.7,235.4,716.8,225.4,21.8,20.0,0.000,,0.00,0.00,53.0,-30.3,29.777,-33.600,0.000,0.000,0.000,0,12,,,,,,,29.78,,
448,14.948,COASTING,707.6,214.4,729.4,234.4,718.5,224.4,21.8,20.0,0.000,,0.00,0.00,49.8,-29.5,29.895,-33.664,0.000,0.000,0.000,0,12,,,,,,,29.90,,
449,14.982,COASTING,709.2,213.4,731.0,233.4,720.1,223.4,21.8,20.0,0.000,,0.00,0.00,46.7,-28.8,30.007,-33.726,0.000,0.000,0.000,0,12,,,,,,,30.01,,
450,15.015,COASTING,710.7,212.5,732.5,232.5,721.6,222.5,21.8,20.0,0.000,,0.00,0.00,43.7,-28.1,30.110,-33.786,0.000,0.000,0.000,0,12,,,,,,,30.11,,
451,15.048,COASTING,712.1,211.5,733.9,231.5,723.0,221.5,21.8,20.0,0.000,,0.00,0.00,40.7,-27.4,30.207,-33.845,0.000,0.000,0.000,0,12,,,,,,,30.21,,
452,15.082,COASTING,713.4,210.6,735.2,230.6,724.3,220.6,21.8,20.0,0.000,,0.00,0.00,37.8,-26.8,30.297,-33.902,0.000,0.000,0.000,0,12,,,,,,,30.30,,
453,15.115,COASTING,714.6,209.7,736.4,229.7,725.5,219.7,21.8,20.0,0.000,,0.00,0.00,34.9,-26.1,30.380,-33.958,0.000,0.000,0.000,0,12,,,,,,,30.38,,
454,15.148,COASTING,715.7,208.9,737.6,228.9,726.7,218.9,21.8,20.0,0.000,,0.00,0.00,32.1,-25.5,30.456,-34.012,0.000,0.000,0.000,0,12,,,,,,,30.46,,
455,15.182,COASTING,716.8,208.0,738.6,228.0,727.7,218.0,21.8,20.0,0.000,,0.00,0.00,29.4,-24.8,30.526,-34.065,0.000,0.000,0.000,0,12,,,,,,,30.53,,
456,15.215,COASTING,717.7,207.2,739.5,227.2,728.6,217.2,21.8,20.0,0.000,,0.00,0.00,26.7,-24.2,30.590,-34.117,0.000,0.000,0.000,0,12,,,,,,,30.59,,
457,15.249,COASTING,718.6,206.4,740.4,226.4,729.5,216.4,21.8,20.0,0.000,,0.00,0.00,24.1,-23.6,30.648,-34.167,0.000,0.000,0.000,0,12,,,,,,,30.65,,
458,15.282,COASTING,719.3,205.6,741.1,225.6,730.2,215.6,21.8,20.0,0.000,,0.00,0.00,21.6,-23.1,30.700,-34.216,0.000,0.000,0.000,0,12,,,,,,,30.70,,
459,15.315,COASTING,720.0,204.9,741.8,224.9,730.9,214.9,21.8,20.0,0.000,,0.00,0.00,19.1,-22.5,30.746,-34.263,0.000,0.000,0.000,0,12,,,,,,,30.75,,
460,15.349,COASTING,720.6,204.1,742.4,224.1,731.5,214.1,21.8,20.0,0.000,,0.00,0.00,16.6,-21.9,30.786,-34.310,0.000,0.000,0.000,0,12,,,,,,,30.79,,
461,15.382,COASTING,721.1,203.4,742.9,223.4,732.0,213.4,21.8,20.0,0.000,,0.00,0.00,14.2,-21.4,30.821,-34.355,0.000,0.000,0.000,0,12,,,,,,,30.82,,
462,15.415,COASTING,721.5,202.7,743.4,222.7,732.5,212.7,21.8,20.0,0.000,,0.00,0.00,11.9,-20.8,30.851,-34.399,0.000,0.000,0.000,0,12,,,,,,,30.85,,
463,15.449,COASTING,721.9,202.0,743.7,222.0,732.8,212.0,21.8,20.0,0.000,,0.00,0.00,9.6,-20.3,30.875,-34.442,0.000,0.000,0.000,0,12,,,,,,,30.87,,
464,15.482,COASTING,722.2,201.4,744.0,221.4,733.1,211.4,21.8,20.0,0.000,,0.00,0.00,7.4,-19.8,30.894,-34.484,0.000,0.000,0.000,0,12,,,,,,,30.89,,
465,15.515,COASTING,722.4,200.7,744.2,220.7,733.3,210.7,21.8,20.0,0.000,,0.00,0.00,5.2,-19.3,30.908,-34.524,0.000,0.000,0.000,0,12,,,,,,,30.91,,
